gp_code,gp_name,Address,Phone,location
mgp0001,Brunswick Community Medical Centre,11 Glenlyon Road  Brunswick VIC 3056,03 9231 1260,"{""lat"":-37.771508, ""lng"":144.962631}"
mgp0002,Brunswick Sable Pharmacy,362-366 Sydney Road  Brunswick VIC 3056,03 5998 3771,"{""lat"":-37.7694104, ""lng"":144.9619028}"
mgp0003,Melbourne Paediatric Specialists,Level 4 Suite 403  48 Flemington Road  Parkville VIC 3052,03 9948 5005,"{""lat"":-37.7945021, ""lng"":144.9496536}"
mgp0004,MOONEE VALLEY CITY COUNCIL,Moonee Valley City Council Civic Centre  Floor First  9 Kellaway Avenue  Moonee Ponds VIC 3039,03 9243 8888,"{""lat"":-37.7645702, ""lng"":144.9233013}"
mgp0005,HealthSmart Pharmacy VCCC,Victorian Comprehensive Cancer Centre  311 Grattan Street  Melbourne VIC 3000,03 9349 1067,"{""lat"":-37.7995735, ""lng"":144.9550822}"
mgp0006,City of Melbourne - Family Services Team,Family Services at Carlton Baths  248 Rathdowne Street  Carlton VIC 3053,03 9340 1422,"{""lat"":-37.8040123, ""lng"":144.9692993}"
mgp0007,Chemist Warehouse - Moonee Ponds,88-92 Puckle Street  Moonee Ponds VIC 3039,03 9375 4300,"{""lat"":-37.76670824736842, ""lng"":144.92184127894737}"
mgp0008,Moreland General Practice,80 Moreland Road  Brunswick VIC 3056,03 9385 1250,"{""lat"":-37.7561047, ""lng"":144.9699562}"
mgp0009,Chemist Warehouse - North Melbourne,19-23 Errol Street  North Melbourne VIC 3051,03 9329 0849,"{""lat"":-37.8030195, ""lng"":144.9497312}"
mgp0010,Ascot Vale Pharmacy,67-69 Union Road  Ascot Vale VIC 3032,03 9370 4146,"{""lat"":-37.7805224, ""lng"":144.9147598}"
mgp0011,Clifton Hill Pharmacy,340 Queens Parade  Clifton Hill VIC 3068,03 9489 8731,"{""lat"":-37.7896979, ""lng"":144.9886126}"
mgp0012,TLC Primary Care - Clifton Hill,217-241 Queens Parade  Fitzroy North VIC 3068,03 8638 9200,NA
mgp0013,Essendon Family Medical Clinic,Suite 1  143 Napier Street  Essendon VIC 3040,03 9370 0890,"{""lat"":-37.7497833, ""lng"":144.9187056}"
mgp0014,Clinicare - Fitzroy,165 Smith Street  Fitzroy VIC 3065,03 9417 3377,"{""lat"":-37.8043398, ""lng"":144.9831751}"
mgp0015,Doctors of Northcote,293-295 High Street  Northcote VIC 3070,03 8481 3600,"{""lat"":-37.7774439, ""lng"":144.9974244}"
mgp0016,Moreland City Council - Civic Centre,Coburg Civic Centre  90 Bell Street  Coburg VIC 3058,03 9240 1111,"{""lat"":-37.7414091, ""lng"":144.9693696}"
mgp0017,Priceline Pharmacy Bourke Street Mall,Centrepoint Building  Shop 108-125  283 Bourke Street  Melbourne VIC 3000,03 9654 2034,"{""lat"":-37.813969, ""lng"":144.964876}"
mgp0018,Melbourne City Council,Administration Building  120 Swanston Street  Melbourne VIC 3000,03 9658 9658,"{""lat"":-37.8186502, ""lng"":144.9680827}"
mgp0019,Midtown Medical Clinic,Level 4  250 Collins Street  Melbourne VIC 3000,03 9650 4284,"{""lat"":-37.81549390977831, ""lng"":144.9658734305359}"
mgp0020,Northcote Discount Chemist,Shop 4  Northcote Plaza  Shop 5  3 Separation Street  Northcote VIC 3070,03 9481 7255,"{""lat"":-37.7698296, ""lng"":145.0031884}"
mgp0021,Young People's Health Service (Royal Childrens Hospital),Frontyard Youth Services  244 Flinders Street  Melbourne VIC 3000,03 9611 2409,"{""lat"":-37.817536, ""lng"":144.9662107}"
mgp0022,Pyman's Pharmacy,84 Wellington Parade  East Melbourne VIC 3002,03 9419 4464,"{""lat"":-37.8164145, ""lng"":144.9871973}"
mgp0023,Chemist Warehouse Southbank,Shop 2-3  153-159 Sturt Street  Southbank VIC 3006,03 9682 2278,"{""lat"":-37.8276939, ""lng"":144.9665201}"
mgp0024,Bridge Road Pharmacy,Shop 1  246 Bridge Road  Richmond VIC 3121,03 9429 7337,"{""lat"":-37.8186634, ""lng"":144.9989191}"
mgp0025,Chemist Warehouse - Footscray,190 Barkly Street  Footscray VIC 3011,03 9687 0275,"{""lat"":-37.799424, ""lng"":144.897812}"
mgp0026,Yarra City Council Aged Care Services,333 Bridge Road  Richmond VIC 3121,03 9205 5555,"{""lat"":-37.8184016, ""lng"":145.0008009447552}"
mgp0027,Darebin Immunisation Service,Maternal and Child Health Building  270 Gower Street  Preston VIC 3072,03 8470 8562,"{""lat"":-37.7403819, ""lng"":145.0052003}"
mgp0028,Thornbury Medical Centre,408 Station Street  Thornbury VIC 3071,03 9480 4000,"{""lat"":-37.7548006, ""lng"":145.0205315}"
mgp0029,Buckley Street Pharmacy,Buckley Street Pharmacy  357 Buckley Street  Aberfeldie VIC 3040,393310000,"{""lat"":-37.7554358, ""lng"":144.9027885}"
mgp0030,Chemist Warehouse - Preston,475-479 High Street  Preston VIC 3072,03 9470 6626,"{""lat"":-37.745241, ""lng"":145.002801}"
mgp0031,Priceline Pharmacy Highpoint,Highpoint Shopping Centre  Level 2 Shop 2539  200 Rosamond Road  Maribyrnong VIC 3032,03 9318 2983,"{""lat"":-37.7732838, ""lng"":144.88880200099536}"
mgp0032,Port Phillip City Council - South Melbourne Office,208 220 Bank Street  South Melbourne VIC 3205,03 9209 6777,"{""lat"":-37.8346756, ""lng"":144.9599595}"
mgp0033,Terrywhite Chemmart - Richmond,210 Swan Street  Richmond VIC 3121,03 9428 5143,"{""lat"":-37.8256154, ""lng"":144.9966142}"
mgp0034,Skin Temple,Ground floor  31 Arnold Street  Melbourne VIC 3004,398672992,"{""lat"":-37.8354782, ""lng"":144.9765947}"
mgp0035,Port Phillip City Council - Port Melbourne Office,Bubup Womindjeka Family and Children's Centre  85 Liardet Street  Port Melbourne VIC 3207,03 9209 6777,"{""lat"":-37.8409829, ""lng"":144.9465618}"
mgp0036,Port Bay Street Pharmacy,51 Bay Street  Port Melbourne VIC 3207,03 9646 3597,"{""lat"":-37.8325082, ""lng"":144.9479193}"
mgp0037,Chemist Warehouse Niddrie,Shop 2-4  312-318 Keilor Road  Niddrie VIC 3042,03 9379 1455,"{""lat"":-37.7307276, ""lng"":144.8738551}"
mgp0038,Chemist Warehouse Preston Home Co DC,Tenancy T08  85 Chifley Drive  Preston VIC 3072,03 9470 2656,"{""lat"":-37.7445036, ""lng"":145.029344}"
mgp0039,First Point Medicals - Niddrie,Ground Floor  Shop 2  326 Keilor Road  Niddrie VIC 3042,03 8383 2351,"{""lat"":-37.737036, ""lng"":144.892353}"
mgp0040,Niddrie Pharmacy Superstore,451-453 Keilor Road  Niddrie VIC 3042,03 9379 2494,"{""lat"":-37.7307276, ""lng"":144.8738551}"
mgp0041,Carnovale Pharmacy,149 Somerville Road  Yarraville VIC 3013,03 9314 7557,"{""lat"":-37.8137128, ""lng"":144.8917186}"
mgp0042,Nelson's Amcal Pharmacy,124 West Street  Glenroy VIC 3046,03 9306 8196,"{""lat"":-37.7049821, ""lng"":144.9387072}"
mgp0043,Inner West Medical Centre,304 Williamstown Road  Yarraville VIC 3013,03 9314 6877,"{""lat"":-37.8254097, ""lng"":144.88092}"
mgp0044,Direct Chemist Outlet Reservoir,4 Edwardes Street  Reservoir VIC 3073,03 9462 1423,"{""lat"":-37.7162353, ""lng"":145.0057433}"
mgp0045,Your Community Health - East Reservoir,125 Blake Street  Reservoir VIC 3073,03 8470 1111,"{""lat"":-37.7310502, ""lng"":145.0286231}"
mgp0046,TerryWhite Chemmart Hawthorn,736-738 Glenferrie Road  Hawthorn VIC 3122,03 9818 1313,"{""lat"":-37.8253913, ""lng"":145.0348377}"
mgp0047,Priceline Pharmacy - Prahran,299-301 Chapel Street  Prahran VIC 3181,03 9510 4253,"{""lat"":-37.8456383, ""lng"":144.994398}"
mgp0048,Amcal Pharmacy - Prahran,181 Chapel Street  Prahran VIC 3181,03 9525 0303,"{""lat"":-37.8456383, ""lng"":144.994398}"
mgp0049,Stott's Corner Pharmacy,532 Glenferrie Road  Hawthorn VIC 3122,03 9818 4424,"{""lat"":-37.8253913, ""lng"":145.0348377}"
mgp0050,Seutika Pharmacy Windsor,107 Chapel Street  Windsor VIC 3181,03 9510 1963,"{""lat"":-37.8576467, ""lng"":144.9922866}"
mgp0051,Kapadia Amcal Pharmacy,793 Pascoe Vale Road  Glenroy VIC 3046,03 9306 9010,"{""lat"":-37.7146398, ""lng"":144.9176758}"
mgp0052,Chemist Warehouse - Keilor East,Lot 3  233 Milleara Road  Keilor East VIC 3033,03 9325 4660,"{""lat"":-37.7401321, ""lng"":144.863719}"
mgp0053,Hawthorn East Medical & Aesthetic Clinic (HEMAC),663 Burwood Road  Hawthorn East VIC 3123,03 9078 9997,"{""lat"":-37.8245309, ""lng"":145.051316}"
mgp0054,Camberwell Road Medical Practice,Level 2  124-126 Camberwell Road  Hawthorn East VIC 3123,03 9834 7600,"{""lat"":-37.8275331, ""lng"":145.0522757}"
mgp0055,Chemist Warehouse Campbellfield DC,1463 Sydney Road  Campbellfield VIC 3061,03 9359 3165,"{""lat"":-37.6829233, ""lng"":144.9570667}"
mgp0056,Acland Court Priceline Pharmacy,160 Acland Street  St Kilda VIC 3182,03 9525 5111,"{""lat"":-37.8679477, ""lng"":144.9791754}"
mgp0057,Priceline Pharmacy - Williamstown,Shop 2  19-21 Douglas Parade  Williamstown VIC 3016,03 9397 5114,"{""lat"":-37.8587631, ""lng"":144.897945}"
mgp0058,Ramsay Pharmacy - Altona North,53 The Circle  Altona North VIC 3025,03 9391 3775,"{""lat"":-37.836696599999996, ""lng"":144.86392437979828}"
mgp0059,Boroondara City Council - Camberwell,8 Inglesby Road  Camberwell VIC 3124,03 9278 4444,"{""lat"":-37.834624899999994, ""lng"":145.06011329848826}"
mgp0060,Amcal Pharmacy - Tooronga,Shop 8  766 Toorak Road  Glen Iris VIC 3146,03 9822 2342,"{""lat"":-37.8477801, ""lng"":145.0725454}"
mgp0061,Chemist Warehouse Polaris - Bundoora,Polaris Shopping Centre  Shop H1  1056-1140 Plenty Road  Bundoora VIC 3083,03 9467 6643,NA
mgp0062,TerryWhite Chemmart Sunshine,Sunshine Plaza Shopping Centre  Shop 34  324-328 Hampshire Road  Sunshine VIC 3020,03 9312 3155,"{""lat"":-37.7877056, ""lng"":144.8332593}"
mgp0063,Hampshire Compounding Pharmacy,314 Hampshire Road  Sunshine VIC 3020,03 9311 1417,"{""lat"":-37.7877056, ""lng"":144.8332593}"
mgp0064,Hume City Council Immunisation Services - Broadmeadows,Broadmeadows Global Learning Centre  1093 Pascoe Vale Road  Broadmeadows VIC 3047,03 9205 2523,"{""lat"":-37.6825331, ""lng"":144.91848594256302}"
mgp0065,Malvern Corner Pharmacy,1434 High Street  Malvern VIC 3144,03 9509 5172,"{""lat"":-37.8582476, ""lng"":145.0410836}"
mgp0066,Chemist Warehouse - Balwyn,252-254 Whitehorse Road  Balwyn VIC 3103,03 9830 1254,"{""lat"":-37.8125434, ""lng"":145.0789127}"
mgp0067,Chemist Warehouse Bulleen Plaza,Bulleen Plaza  Shop 2E-2F  83-103 Manningham Road  Bulleen VIC 3105,03 9852 1044,"{""lat"":-37.7601999, ""lng"":145.0810519}"
mgp0068,Priceline Pharmacy - Gladstone Park,Gladstone Park Shopping Centre  Shop 155  Gladstone Park Drive  Gladstone Park VIC 3043,03 9335 5222,"{""lat"":-37.6892322, ""lng"":144.8843377}"
mgp0069,Greythorn Amcal Pharmacy,297-301 Doncaster Road  Balwyn North VIC 3104,03 9857 7363,"{""lat"":-37.7933648, ""lng"":145.0644139}"
mgp0070,TerryWhite Chemmart Keilor Village,686 Old Calder Highway  Keilor VIC 3036,03 9336 7395,"{""lat"":-37.7102699, ""lng"":144.8210859}"
mgp0071,Priceline Pharmacy - Bundoora,39A Plenty Road  Bundoora VIC 3083,03 9467 1414,"{""lat"":-37.69647638545886, ""lng"":145.05852436629942}"
mgp0072,The Women's and Children's Immunisation Services,Joan Kirner Women's and Children's at Sunshine Hospital  Ground Floor  176 Furlong Road  St Albans VIC 3021,390552027,"{""lat"":-37.758736799999994, ""lng"":144.81752078211372}"
mgp0073,GLEN EIRA CITY COUNCIL,Corner Glen Eira and Hawthorn Road  Caulfield VIC 3162,03 9524 3333,NA
mgp0074,NEST Family Wellness Clinic - Elsternwick,289 Kooyong Road  Elsternwick VIC 3185,1300 637 832,"{""lat"":-37.8821848, ""lng"":145.0157237}"
mgp0075,Priceline Pharmacy Lalor Plaza,Shop 19  22 Mckimmies Road  Lalor VIC 3075,03 9465 0202,"{""lat"":-37.6762132, ""lng"":145.0416002}"
mgp0076,Amcal+ Pharmacy Ashburton,162-164 High Street  Ashburton VIC 3147,03 9885 5154,"{""lat"":-37.8632855, ""lng"":145.0777096}"
mgp0077,Quality Pharmacy - Keilor Downs,Keilor Downs Plaza  Shop 23  80 Taylors Road  Keilor Downs VIC 3038,03 9364 0294,"{""lat"":-37.7276623, ""lng"":144.7935144}"
mgp0078,Burgess Family Centre,15 Barwon Street  Box Hill North VIC 3129,03 9262 6333,"{""lat"":-37.8107588, ""lng"":145.1183711}"
mgp0079,HOBSONS BAY CITY COUNCIL,115 Civic Parade  Altona VIC 3018,1300 179 944,"{""lat"":-37.86372905, ""lng"":144.83102951464355}"
mgp0080,Quality Pharmacy - Epping Medical,Epping Plaza  Shop 49  571-583 High Street  Epping VIC 3076,03 9401 1375,NA
mgp0081,Epping Healthcare,Pacific Epping  Shop 49  571-583 High Street  Epping VIC 3076,03 9408 0453,NA
mgp0082,Chemist Warehouse - Epping Homemaker Centre,Epping Homemaker Centre  Shop 11  560-650 High Street  Epping VIC 3076,03 9408 6363,NA
mgp0083,Wattle Park Amcal Pharmacy,1123 Riversdale Road  Surrey Hills VIC 3127,03 9808 1289,"{""lat"":-37.8369057, ""lng"":145.1045918}"
mgp0084,National Pharmacy Middle Brighton,2 Church Street  Brighton VIC 3186,03 9592 5097,"{""lat"":-37.9148114, ""lng"":144.9953945}"
mgp0085,Priceline Pharmacy - Greensborough Plaza,Greensborough Plaza  Shop 383  25 Main Street  Greensborough VIC 3088,03 9432 4988,"{""lat"":-37.701592, ""lng"":145.1069013}"
mgp0086,Hume City Council Immunisation Services - Greenvale,Greenvale Recreation Centre  27 Barrymore Road  Greenvale VIC 3059,03 9205 2523,"{""lat"":-37.6521095, ""lng"":144.8887392}"
mgp0087,BANYULE CITY COUNCIL,WaterMarc Building  1 Flintoff Street  Greensborough VIC 3088,03 9490 4222,"{""lat"":-37.7041979, ""lng"":145.10479019617492}"
mgp0088,Quality Pharmacy - Brighton,33 Church Street  Brighton VIC 3186,03 9592 1500,"{""lat"":-37.9148114, ""lng"":144.9953945}"
mgp0089,Box Hill South Pharmacy,878 Canterbury Road  Box Hill South VIC 3128,03 9890 3064,"{""lat"":-37.8287021, ""lng"":145.1214519}"
mgp0090,MANNINGHAM CITY COUNCIL,699 Doncaster Road  Doncaster VIC 3108,03 9840 9256,"{""lat"":-37.78651205, ""lng"":145.1326431801163}"
mgp0091,Advocate Medical Centre,6 Landale Street  Box Hill VIC 3128,03 9898 0616,"{""lat"":-37.8283855, ""lng"":145.1264433}"
mgp0092,City of Whitehorse - Box Hill Service Centre,1022 Whitehorse Road  Box Hill VIC 3128,03 9262 6333,"{""lat"":-37.818174, ""lng"":145.1226802}"
mgp0093,Greenvale Recreation Centre,27 Barrymore Road  Greenvale VIC 3059,03 9333 1066,"{""lat"":-37.6521095, ""lng"":144.8887392}"
mgp0094,Discount Pharmacy Australia Kerrimuir,537 Middleborough Road  Box Hill North VIC 3129,03 9890 2352,"{""lat"":-37.7986034, ""lng"":145.1420742}"
mgp0095,Terry White Chemmart - Brimbank,Brimbank Central Shopping Centre  Shop T51  28-72 Neale Road  Deer Park VIC 3023,03 9363 6065,"{""lat"":-37.7513742, ""lng"":144.7661624}"
mgp0096,Chemist Warehouse Derrimut,Derrimut Village Shopping Centre  Shop 12-13  20 Mt Derrimut Road  Derrimut VIC 3030,03 8390 6900,"{""lat"":-37.7831794, ""lng"":144.7723214}"
mgp0097,Jackson Court Pharmacy,64 Jackson Court  Doncaster East VIC 3109,03 9848 1400,"{""lat"":-37.788223, ""lng"":145.1493736}"
mgp0098,Allegiance Medical,376 Centre Road  Bentleigh VIC 3204,03 8525 1480,"{""lat"":-37.9184189, ""lng"":145.0384968}"
mgp0099,Chemist Warehouse - Bentleigh,421 Centre Road  Bentleigh VIC 3204,03 9557 0396,"{""lat"":-37.9184189, ""lng"":145.0384968}"
mgp0100,Priceline Pharmacy Bentleigh,427-429 Centre Road  Bentleigh VIC 3204,03 9557 1232,"{""lat"":-37.9184189, ""lng"":145.0384968}"
mgp0101,Quality Pharmacy - Burwood East,26 Burwood Highway  Burwood East VIC 3151,03 9808 9962,"{""lat"":-37.8527314, ""lng"":145.1517702}"
mgp0102,Whittlesea City Council,25 Ferres Boulevard  South Morang VIC 3752,03 9217 2276,"{""lat"":-37.6452683, ""lng"":145.06720371017627}"
mgp0103,Oakleigh Central Amcal Pharmacy,Oakleigh Central Shopping Centre  Shop 1  39 Hanover Street  Oakleigh VIC 3166,03 9563 2044,"{""lat"":-37.9006872, ""lng"":145.0903411}"
mgp0104,Amcal Max - Doncaster East,274-276 Blackburn Road  Doncaster East VIC 3109,03 9842 4426,"{""lat"":-37.7789252, ""lng"":145.1637259}"
mgp0105,Blackburn Clinic,195 Whitehorse Road  Blackburn VIC 3130,03 9875 1111,"{""lat"":-37.8171833, ""lng"":145.1517589}"
mgp0106,Blackburn Central Pharmacy,195 Whitehorse Road  Blackburn VIC 3130,03 9877 3028,"{""lat"":-37.8171833, ""lng"":145.1517589}"
mgp0107,Chemist Warehouse - Watergardens,Watergardens Shopping Centre  Shop A005  399 Melton Highway  Taylors Lakes VIC 3038,03 8361 6322,"{""lat"":-37.70072865, ""lng"":144.77700320439482}"
mgp0108,Thompsons Pharmacy - Eltham,962-964 Main Road  Eltham North VIC 3095,03 9439 9249,"{""lat"":-37.7048859, ""lng"":145.1531143}"
mgp0109,Phoebe Thomas Naturopath,962-964 Main Road  Eltham VIC 3095,03 9439 9249,"{""lat"":-37.7048859, ""lng"":145.1531143}"
mgp0110,Priceline Pharmacy Eltham,Shop 4  6-20 Luck Street  Eltham VIC 3095,03 9439 7568,"{""lat"":-37.7129309, ""lng"":145.1534375}"
mgp0111,Chemist Warehouse - Mount Waverley,33 Hamilton Place  Mount Waverley VIC 3149,03 9807 1663,"{""lat"":-37.8759981, ""lng"":145.1282262}"
mgp0112,TerryWhite Chemmart Watergardens,Watergardens Shopping Centre  Shop 22-24  399 Melton Highway  Taylors Lakes VIC 3038,03 9449 2999,"{""lat"":-37.70072865, ""lng"":144.77700320439482}"
mgp0113,Priceline Pharmacy - Watergardens,Shop 44  399 Melton Highway  Taylors Lakes VIC 3038,03 9449 0063,"{""lat"":-37.70072865, ""lng"":144.77700320439482}"
mgp0114,Quality Pharmacy - Burwood One,Burwood One Shopping Centre  Shop 20  172 Burwood Highway  Burwood East VIC 3151,03 9886 6888,"{""lat"":-37.8527314, ""lng"":145.1517702}"
mgp0115,Temple Hills Medical Centre,2 Devlaw Drive  Doncaster East VIC 3109,03 9842 9911,"{""lat"":-37.7662356, ""lng"":145.1725003}"
mgp0116,City of Whitehorse - Forest Hill Service Centre,Forest Hill Chase Sc  Shop 275  270 Canterbury Road  Forest Hill VIC 3131,03 9262 6333,"{""lat"":-37.83594745, ""lng"":145.16467043631184}"
mgp0117,Priceline Pharmacy Forest Hill,Forest Hill Chase Shopping Centre  Shop 127  270 Canterbury Road  Forest Hill VIC 3131,03 9878 3981,"{""lat"":-37.83594745, ""lng"":145.16467043631184}"
mgp0118,Active Medical Centre,228-232 Caroline Springs Boulevard  Caroline Springs VIC 3023,03 9363 0954,"{""lat"":-37.7538709, ""lng"":144.7399683}"
mgp0119,Hume City Council Immunisation Services - Craigieburn,Craigieburn Function Rooms  127 Craigieburn Road  Craigieburn VIC 3064,03 9205 2523,"{""lat"":-37.5968998, ""lng"":144.9225218}"
mgp0120,Super Saver Discount Chemist - Craigieburn,Craigieburn Plaza  Shop 27  32-38 Craigieburn Road  Craigieburn VIC 3064,03 9333 7417,"{""lat"":-37.5968998, ""lng"":144.9225218}"
mgp0121,Ramsay Pharmacy Highett,Shop 11  284-286 Highett Road  Highett VIC 3190,03 9555 2468,"{""lat"":-37.9484291, ""lng"":145.0391851}"
mgp0122,United Chemists - Taylors Hill,Taylors Hill Village  Shop 8  127 Gourlay Road  Taylors Hill VIC 3037,03 8358 2430,"{""lat"":-37.7061149, ""lng"":144.7415057}"
mgp0123,PharmaSave Pharmacy Brentford Square,Brentford Square Shopping  Shop 4  500 Canterbury Road  Forest Hill VIC 3131,03 9878 1288,"{""lat"":-37.8357237, ""lng"":145.1800972}"
mgp0124,Bayside City Council Aged and Disability Services,76 Royal Avenue  Sandringham VIC 3191,03 9599 4444,"{""lat"":-37.9585069, ""lng"":145.01473}"
mgp0125,Priceline Pharmacy - Craigieburn Central,Shop 29  340 Craigieburn Road  Craigieburn VIC 3064,03 9333 7628,"{""lat"":-37.5968998, ""lng"":144.9225218}"
mgp0126,Nurse Connect,AMCAL Craigieburn  340 Craigieburn Road  Craigieburn VIC 3064,03 9308 4981,"{""lat"":-37.5968998, ""lng"":144.9225218}"
mgp0127,Quality Pharmacy - Mitcham,507 Whitehorse Road  Mitcham VIC 3132,03 9873 1138,"{""lat"":-37.81616, ""lng"":145.1931423}"
mgp0128,Priceline Pharmacy Glen Waverley,Centro The Glen  Shop 103  235 Springvale Road  Glen Waverley VIC 3150,03 9803 2003,"{""lat"":-37.8767897, ""lng"":145.1648427}"
mgp0129,TerryWhite Chemists - The Glen,The Glen Shopping Centre  Shop 208  235 Springvale Road  Glen Waverley VIC 3150,03 9802 3755,"{""lat"":-37.8767897, ""lng"":145.1648427}"
mgp0130,Pharmasave Williams Landing,Shop 6  100 Overton Road  Williams Landing VIC 3027,03 8360 5383,"{""lat"":-37.8656159, ""lng"":144.7390777}"
mgp0131,Chemist Warehouse - Glen Waverley,263 Springvale Road  Glen Waverley VIC 3150,03 9802 9977,"{""lat"":-37.8791843, ""lng"":145.1656142}"
mgp0132,Mitcham Road Pharmacy,572 Mitcham Road  Mitcham VIC 3132,03 9873 5836,"{""lat"":-37.8163027, ""lng"":145.1936549}"
mgp0133,Monash Children's Hospital,246 Clayton Road  Clayton VIC 3168,03 8572 3000,"{""lat"":-37.9205943, ""lng"":145.1227485434316}"
mgp0134,Monash City Council - Monash Civic Centre,293 Springvale Road  Glen Waverley VIC 3150,03 9518 3555,"{""lat"":-37.88213305, ""lng"":145.1645142367487}"
mgp0135,Priceline Pharmacy Southland Bayside,Southland Shopping Centre  Shop 1016  1239-1241 Nepean Highway  Cheltenham VIC 3192,03 9584 3202,"{""lat"":-37.9654606, ""lng"":145.0578086}"
mgp0136,TerryWhite Chemmart Southland,Southland Shopping Centre  Shop 2075  1239 Nepean Highway  Cheltenham VIC 3192,03 9584 9666,"{""lat"":-37.9589769, ""lng"":145.053462}"
mgp0137,Chemist Warehouse - Clayton,403-407 Clayton Road  Clayton VIC 3168,03 9544 2444,"{""lat"":-37.9136289, ""lng"":145.1219021}"
mgp0138,Warrandyte Pharmacy,Goldfields Plaza Shopping Centre  Shop 4-5  402 Warrandyte Road  Warrandyte VIC 3113,03 9844 2029,NA
mgp0139,Kerrie Road Pharmacy,24 Kerrie Road  Glen Waverley VIC 3150,03 9802 1377,"{""lat"":-37.8762559, ""lng"":145.1778108}"
mgp0140,Aspire Medical and Skin Centre,Shop 7  1 Sanctuary Road  Hillside VIC 3037,03 8390 9500,"{""lat"":-37.6919694, ""lng"":144.7304725}"
mgp0141,Pharmacy 360 Black Rock,16 Bluff Road  Black Rock VIC 3193,03 9589 3768,"{""lat"":-37.9742292, ""lng"":145.0164204}"
mgp0142,Point Cook Superclinic,Stockland Point Cook Shopping Centre  Shop 101  7 Main Street  Point Cook VIC 3030,03 9395 8077,"{""lat"":-37.8826833, ""lng"":144.7354244}"
mgp0143,Hume City Council Immunisation Services - Craigieburn,Craigieburn Newbury Child & Community Centre  440 Grand Boulevard  Craigieburn VIC 3064,03 9205 2523,"{""lat"":-37.5711185, ""lng"":144.9088607}"
mgp0144,Mernda Village Medical Centre,60 Mernda Village Drive  Mernda VIC 3754,03 9717 0099,"{""lat"":-37.5925799, ""lng"":145.101803}"
mgp0145,Westgate Medical Centre - Hoppers Crossing,381 Sayers Road  Hoppers Crossing VIC 3029,03 9748 5088,"{""lat"":-37.8499178, ""lng"":144.7014938}"
mgp0146,Chemist Warehouse - Werribee Plaza,Pacific Werribee Shopping Centre  Shop 282  Corner of Derrimut & Heaths Road  Hoppers Crossing VIC 3029,03 9749 1754,NA
mgp0147,North Ringwood Family Pharmacy,196-198 Warrandyte Road  Ringwood North VIC 3134,03 9876 2948,"{""lat"":-37.800472, ""lng"":145.2344111}"
mgp0148,National Pharmacies - Wheelers Hill,Wheelers Hill Shopping Centre  Shop 9-11  190 Jells Road  Wheelers Hill VIC 3150,03 9561 5275,"{""lat"":-37.8960064, ""lng"":145.1910972}"
mgp0149,Terry White Chemists Mentone,Shop 6  171-187 Nepean Highway  Mentone VIC 3194,03 9583 6636,"{""lat"":-37.9770953, ""lng"":145.0668693}"
mgp0150,Lim's Pharmacy,10A Balmoral Avenue  Springvale VIC 3171,03 9562 4233,"{""lat"":-37.9496188, ""lng"":145.151234}"
mgp0151,Windsor Avenue Pharmacy,4B-4C Windsor Avenue  Springvale VIC 3171,03 9548 2323,"{""lat"":-37.9514881, ""lng"":145.1485272}"
mgp0152,Priceline Pharmacy - Heathmont,160-162 Canterbury Road  Heathmont VIC 3135,03 9729 4545,"{""lat"":-37.8257943, ""lng"":145.248304}"
mgp0153,Parkdale Pharmacy,270 Como Parade  Parkdale VIC 3195,03 9580 1891,NA
mgp0154,National Pharmacies - Burntbridge,Burntbridge Shopping Centre  Shop 6-8A  434 Maroondah Highway  Croydon VIC 3136,03 9870 5936,"{""lat"":-37.7963765, ""lng"":145.2567253}"
mgp0155,Waverley Police Road Medical Centre,304 Police Road  Noble Park North VIC 3174,03 9795 0468,"{""lat"":-37.9369027, ""lng"":145.1867072}"
mgp0156,Quality Pharmacy - Werribee Medical,Shop MM01  Pacific Werribee Shopping Centre  Cnr Derrimut & Heaths Road  Hoppers Crossing VIC 3029,03 9749 3332,NA
mgp0157,Nova Pharmacy - Waverley Gardens,Waverley Gardens Shopping Centre  Shop 4  Corner Police and Jacksons Road  Mulgrave VIC 3170,03 9546 3637,"{""lat"":-37.9032904, ""lng"":145.16419695919757}"
mgp0158,Priceline Pharmacy Knox,Westfield Knox  Level 1 Shop 1060  425 Burwood Highway  Wantirna South VIC 3152,03 9801 5560,"{""lat"":-37.8710692, ""lng"":145.2436768}"
mgp0159,Pharmacy@Knox,Westfield Knox  Shop 2081  425 Burwood Highway  Wantirna South VIC 3152,03 9800 5199,"{""lat"":-37.8710692, ""lng"":145.2436768}"
mgp0160,Parkdale Family and Childcare Centre,1 Warrun Road  Parkdale VIC 3195,03 8586 0900,NA
mgp0161,Nova Pharmacy - Dingley,97 Centre Dandenong Road  Dingley Village VIC 3172,03 9551 4222,"{""lat"":-37.9722468, ""lng"":145.1117044}"
mgp0162,Harrisfield Pharmacy,Shop 5  497 Princes Highway  Noble Park VIC 3174,03 9548 1616,"{""lat"":-37.9505723, ""lng"":145.1759091}"
mgp0163,Mordialloc Amcal Max Pharmacy,467 Main Street  Mordialloc VIC 3195,03 9580 1019,"{""lat"":-38.0058467, ""lng"":145.0862516}"
mgp0164,Silverton Medical Clinic,135 Jacksons Road  Noble Park North VIC 3174,03 9795 4122,"{""lat"":-37.9563505, ""lng"":145.191426}"
mgp0165,Chemist Warehouse Noble Park,6-10 Leonard Avenue  Noble Park VIC 3174,03 9518 1209,"{""lat"":-37.9680062, ""lng"":145.175816}"
mgp0166,Direct Chemist Outlet Croydon,88-92 Main Street  Croydon VIC 3136,03 9723 7711,"{""lat"":-37.7945425, ""lng"":145.2823588}"
mgp0167,Wyndham City Council - Community Support,45 Princes Highway  Werribee VIC 3030,03 9742 0736,"{""lat"":-37.8849992, ""lng"":144.6998845}"
mgp0168,Maroondah City Council - Civic Square Service Centre,7 Civic Square  Croydon VIC 3136,03 9294 5627,"{""lat"":-37.8004659, ""lng"":145.2805459}"
mgp0169,TerryWhite Chemmart Croydon,Arndale Shopping Centre  Shop 20-21  224 Mt Dandenong Road  Croydon VIC 3136,03 9723 6222,"{""lat"":-37.798806, ""lng"":145.2833578}"
mgp0170,Hume City Council Immunisation Services - Sunbury,Sunbury Memorial Hall  6 Stawell Street  Sunbury VIC 3429,03 9205 2523,"{""lat"":-37.5795958, ""lng"":144.733317}"
mgp0171,TerryWhite Chemmart Sunbury,83-85 Evans Street  Sunbury VIC 3429,03 9744 2801,"{""lat"":-37.5807659, ""lng"":144.7285891}"
mgp0172,Gap Road Medical Centre,46 Gap Road  Sunbury VIC 3429,03 9740 4429,"{""lat"":-37.5797284, ""lng"":144.7223253}"
mgp0173,Parkmore Medical Centre,323 Cheltenham Road  Keysborough VIC 3173,03 9791 0777,"{""lat"":-37.9933159, ""lng"":145.1648533}"
mgp0174,TerryWhite Chemmart Parkmore,Parkmore Shopping Centre  Shop R09  317 Cheltenham Road  Keysborough VIC 3173,03 9798 5740,"{""lat"":-37.9933159, ""lng"":145.1648533}"
mgp0175,Amcal Rowville Pharmacy,Wellington Village  Shop 2  1100 Wellington Road  Rowville VIC 3178,03 9755 8088,"{""lat"":-37.9280619, ""lng"":145.2528745}"
mgp0176,Priceline Pharmacy Mooroolbark,28 Brice Avenue  Mooroolbark VIC 3138,03 9726 7611,"{""lat"":-37.7858655, ""lng"":145.3161984}"
mgp0177,TerryWhite Chemmart - Chirnside,Chirnside Park Shopping Centre  Shop 628  239-241 Maroondah Highway  Chirnside Park VIC 3116,03 9727 1555,"{""lat"":-37.7693019, ""lng"":145.2974504}"
mgp0178,Mooroolbark Community Centre,125 Brice Avenue  Mooroolbark VIC 3138,03 9726 5488,"{""lat"":-37.7858655, ""lng"":145.3161984}"
mgp0179,Edithvale Family and Children's Centre,122 Edithvale Road  Edithvale VIC 3196,03 8782 1200,"{""lat"":-38.0374002, ""lng"":145.1125885}"
mgp0180,Edithvale Maternal & Child Health Centre,88 120 Edithvale Road  Edithvale VIC 3196,03 8782 1280,"{""lat"":-38.0374002, ""lng"":145.1125885}"
mgp0181,Bunurong Health Service,3 Carroll Avenue  Dandenong VIC 3175,03 9794 5933,"{""lat"":-37.9788345, ""lng"":145.2231912}"
mgp0182,TerryWhite Chemmart - Dandenong Plaza,Dandenong Plaza  Level 3 Shop 370  22-25 McCrae Street  Dandenong VIC 3175,03 9794 5959,"{""lat"":-37.9886761, ""lng"":145.2180217}"
mgp0183,Chemist Warehouse - Dandenong,265 Lonsdale Street  Dandenong VIC 3175,03 9792 0522,"{""lat"":-37.9874322, ""lng"":145.2137881}"
mgp0184,Priceline Pharmacy - Dandenong Plaza,Dandenong Plaza  Level 1 Shop 122  Corner McCrae and Walker Street  Dandenong VIC 3175,03 9791 6663,NA
mgp0185,Chemist Warehouse Melton,Melton Gate Way  Unit 4  66-84 High Street  Melton VIC 3337,03 9746 8733,"{""lat"":-37.6834834, ""lng"":144.5800749}"
mgp0186,Amcal Pharmacy - Whittlesea,69 Church Street  Whittlesea VIC 3757,03 9716 2211,"{""lat"":-37.5085907, ""lng"":145.1186208}"
mgp0187,Whittlesea Medical Clinic,77 Church Street  Whittlesea VIC 3757,03 9716 2207,"{""lat"":-37.5085907, ""lng"":145.1186208}"
mgp0188,Chemist Discount Centre Upper Ferntree Gully,Ferntree Plaza  Shop 9-10  1200 Burwood Highway  Upper Ferntree Gully VIC 3156,03 9758 1082,"{""lat"":-37.8934715, ""lng"":145.3096284}"
mgp0189,Adam's Pharmacy,413 Nepean Highway  Chelsea VIC 3196,03 9772 1126,"{""lat"":-38.0529006, ""lng"":145.11588627277177}"
mgp0190,City Of Melton,232 High Street  Melton VIC 3337,03 9747 7200,"{""lat"":-37.6834834, ""lng"":144.5800749}"
mgp0191,Autumn Place Pharmacy,19-20 Autumn Place  Doveton VIC 3177,03 9706 9183,"{""lat"":-37.9944111, ""lng"":145.2388527}"
mgp0192,Endeavour Hills Amcal + Pharmacy,Endeavour Hills Shopping Centre  Shop 47  78-80 Heatherton Road  Endeavour Hills VIC 3802,03 9700 2828,"{""lat"":-37.972686, ""lng"":145.2382683}"
mgp0193,Yarra Ranges Council,Civic Centre  15 Anderson Street  Lilydale VIC 3140,1300 368 333,"{""lat"":-37.7574586, ""lng"":145.3549214}"
mgp0194,Melton Pharmacy Superstore,383-385 High Street  Melton VIC 3337,03 9747 8444,"{""lat"":-37.6834834, ""lng"":144.5800749}"
mgp0195,Priceline Pharmacy Lilydale,Lilydale Village  Shop 9  343-347 Main Street  Lilydale VIC 3140,03 9735 1000,"{""lat"":-37.7575325, ""lng"":145.3498785}"
mgp0196,Chemist Discount Centre Endeavour Hills,61 Heatherton Road  Endeavour Hills VIC 3802,03 9700 7606,"{""lat"":-37.972686, ""lng"":145.2382683}"
mgp0197,Pharmacy 4 Less - Melton,Shop 107  533-555 High Street  Melton VIC 3337,03 9746 8405,"{""lat"":-37.6863188, ""lng"":144.5643476}"
mgp0198,Mt Evelyn Compounding Pharmacy,35 Wray Crescent  Mount Evelyn VIC 3796,03 9736 2949,"{""lat"":-37.7856653, ""lng"":145.3788456}"
mgp0199,Belgrave Medical Clinic,1575 Burwood Highway  Tecoma VIC 3160,03 9757 8000,"{""lat"":-37.9069371, ""lng"":145.34714911547206}"
mgp0200,Priceline Pharmacy Hampton Park,Hampton Park Shopping Square  Shop 48 - 49  Somerville Road  Hampton Park VIC 3976,03 9799 3222,"{""lat"":-38.0319746, ""lng"":145.2659499}"
mgp0201,St Mary Medical Centre,1181 Frankston Dandenong Road  Carrum Downs VIC 3201,03 8770 8888,"{""lat"":-38.1089035, ""lng"":145.16174}"
mgp0202,Priceline Pharmacy - Fountain Gate,Westfield Fountain Gate  Level 2 Shop 2020  352 Magid Highway  Fountain Gate VIC 3805,03 9704 8558,NA
mgp0203,City of Casey - Narre Warren - Immunisation Service,Bunjil Place  2 Patrick Northeast Drive  Narre Warren VIC 3805,03 9705 5200,"{""lat"":-38.0198473, ""lng"":145.3010794}"
mgp0204,Simon Yu Pharmacy - Wallan,Shop 1  65 High Street  Wallan VIC 3756,03 5783 1403,"{""lat"":-37.4067079, ""lng"":144.9798628}"
mgp0205,Wallan Amcal Pharmacy,Wellington Square  Shop 4  81-89 High Street  Wallan VIC 3756,03 5783 4800,"{""lat"":-37.4067079, ""lng"":144.9798628}"
mgp0206,Direct Chemist Outlet - Belvedere Park,284 Seaford Road  Seaford VIC 3198,03 9786 2703,"{""lat"":-38.1108188, ""lng"":145.1331446}"
mgp0207,Priceline Pharmacy - Carrum Downs,Carrum Downs Shopping Centre  Shop 4-8  100 Hall Road  Carrum Downs VIC 3201,03 9782 1277,"{""lat"":-38.1018907, ""lng"":145.1872907}"
mgp0208,Riddell Country Practice,9 Station Street  Riddells Creek VIC 3431,03 5428 7591,"{""lat"":-37.4629994, ""lng"":144.6770148}"
mgp0209,Chemist Warehouse - Frankston,32-34 Wells Street  Frankston VIC 3199,03 9783 9788,"{""lat"":-38.1429575, ""lng"":145.1212084}"
mgp0210,Barry Dean Pharmacy,53F-53G Beach Street  Frankston VIC 3199,03 9783 5201,NA
mgp0211,TerryWhite Chemmart Pharmacy Frankston,89-97 Young Street  Frankston VIC 3199,03 9783 3373,"{""lat"":-38.1462889, ""lng"":145.1225015}"
mgp0212,Blooms The Chemist - Casey Central,Casey Central Shopping Centre  Shop 132 - 134  400 Narre Warren-Cranbourne Road  Narre Warren South VIC 3805,03 9704 8166,"{""lat"":-38.0436283, ""lng"":145.3036971}"
mgp0213,Berwick Pharmacy,51 High Street  Berwick VIC 3806,03 9707 1555,"{""lat"":-38.0309962, ""lng"":145.3465054}"
mgp0214,HealthMint Medical Centre,Shop 12  2-10 William Thwaites Boulevard  Cranbourne North VIC 3977,03 5611 3365,"{""lat"":-38.0820534, ""lng"":145.3151328}"
mgp0215,Soul Pattinson Chemist - Karingal Hub,Karingal Hub Shopping Centre  Shop T86  330 Cranbourne Road  Frankston VIC 3199,03 9789 1699,"{""lat"":-38.1473922, ""lng"":145.1412284}"
mgp0216,Chemist Warehouse - Gisborne,Gisborne Village Shopping Centre  Shop 29-31  22 Brantome Street  Gisborne VIC 3437,03 5428 1366,"{""lat"":-37.4872885, ""lng"":144.5896505}"
mgp0217,Priceline Pharmacy Gisborne,Shop 1  18 Brantome Street  Gisborne VIC 3437,03 5428 2107,"{""lat"":-37.4872885, ""lng"":144.5896505}"
mgp0218,Eden Rise Pharmacy,Eden Rise Shopping Centre  Shop 30  1 O'Shea Road  Berwick VIC 3806,03 8794 7920,"{""lat"":-38.0628079, ""lng"":145.3390661}"
mgp0219,Nova Pharmacy - Langwarrin,230 Cranbourne Road  Langwarrin VIC 3910,03 9775 8888,"{""lat"":-38.156374, ""lng"":145.1704875}"
mgp0220,Macedon Ranges Shire Council - Administration Centre Gisborne,40 Robertson Street  Gisborne VIC 3437,1300 656 577,"{""lat"":-37.4858092, ""lng"":144.5912441}"
mgp0221,TerryWhite Chemmart Mt Eliza,Shop 1  89 Mount Eliza Way  Mount Eliza VIC 3930,03 9787 7988,"{""lat"":-38.1851294, ""lng"":145.089546}"
mgp0222,Bacchus Marsh Village UFS Pharmacy,Bacchus Marsh Village  Shop 66  160-192 Main Street  Bacchus Marsh VIC 3340,03 5367 8600,"{""lat"":-37.6754455, ""lng"":144.4350994}"
mgp0223,Amcal Pharmacy - Clyde North,Selandra Rise Shopping Centre  Shop 6  Selandra Boulevard  Clyde North VIC 3978,03 5998 0934,"{""lat"":-38.1159954, ""lng"":145.3236029}"
mgp0224,Pharmacy on Clyde,Shopping on Clyde  Shop 12  280 Berwick-Cranbourne Road  Clyde VIC 3978,03 5998 0400,"{""lat"":-38.1185002, ""lng"":145.3207171}"
mgp0225,Romsey Pharmacy,Shop 3  107-113 Main Street  Romsey VIC 3434,03 5429 5353,"{""lat"":-37.3414956, ""lng"":144.7418891}"
mgp0226,Chemist Discount Centre - Officer,Arena Shopping Centre  Shop 18  Corner Princes Highway and Cardinia Road  Officer VIC 3809,03 5940 0767,NA
mgp0227,Simon Yu Kilmore Pharmacy,20 Sydney Street  Kilmore VIC 3764,03 5782 1432,"{""lat"":-37.2874098, ""lng"":144.9491009}"
mgp0228,Kilmore Amcal Pharmacy,61-63 Sydney Street  Kilmore VIC 3764,03 5782 1722,"{""lat"":-37.2874098, ""lng"":144.9491009}"
mgp0229,Peak Pharmacy Drysdale,Shop 1  19 Clifton Springs Road  Drysdale VIC 3222,03 5251 2671,"{""lat"":-38.1726272, ""lng"":144.5709848}"
mgp0230,Priceline Pharmacy Pakenham,Pakenham Place Shopping Centre  Shop 1  55 John Street  Pakenham VIC 3810,03 5941 1933,"{""lat"":-38.078971499999994, ""lng"":145.4802814287049}"
mgp0231,United Chemists - Pakenham,Pakenham Central Marketplace  Shop 1  50-54 John Street  Pakenham VIC 3810,03 5940 4295,"{""lat"":-38.0780626, ""lng"":145.4812835}"
mgp0232,Ochre Lancefield Country Practice,17 High Street  Lancefield VIC 3435,03 5429 1362,"{""lat"":-37.2767908, ""lng"":144.733642}"
mgp0233,Lancefield Pharmacy,15 High Street  Lancefield VIC 3435,03 5429 1691,"{""lat"":-37.2767908, ""lng"":144.733642}"
mgp0234,Chemist Warehouse Corio,Shop 7  470-490 Princes Highway  Corio VIC 3214,03 5274 9022,NA
mgp0235,Tooradin Pharmacy,Shop 3  106 South Gippsland Highway  Tooradin VIC 3980,03 5998 3771,"{""lat"":-38.1886687, ""lng"":145.3468332}"
mgp0236,TerryWhite Chemmart Hastings,47 High Street  Hastings VIC 3915,03 5979 1513,"{""lat"":-38.3077267, ""lng"":145.1854499}"
mgp0237,Direct Chemist Outlet Rosebud,999 Point Nepean Road  Rosebud VIC 3939,03 5986 8331,"{""lat"":-38.3552355, ""lng"":144.9061541}"
mgp0238,Bant's Amcal Pharmacy,1045 Point Nepean Road  Rosebud VIC 3939,03 5986 1676,"{""lat"":-38.3552355, ""lng"":144.9061541}"
mgp0239,MITCHELL SHIRE COUNCIL,113 High Street  Broadford VIC 3658,03 5734 6200,"{""lat"":-37.2029077, ""lng"":145.0489343}"
mgp0240,Quality Pharmacy - Bellpost,Bellpost Shopping Centre  Shop 17-18  290-306 Anakie Road  Norlane VIC 3214,03 5275 6977,"{""lat"":-38.0819888, ""lng"":144.3371435}"
mgp0241,TerryWhite Chemmart - Rosebud,3 Boneo Road  Rosebud VIC 3939,03 5986 8288,"{""lat"":-38.3598492, ""lng"":144.889725}"
mgp0242,Community Care Chemist - North Geelong,75 Separation Street  Geelong North VIC 3215,03 5278 4300,"{""lat"":-38.1119366, ""lng"":144.3528398}"
mgp0243,Peak Pharmacy - Bellarine Village,Bellarine Village Shopping Centre  Shop 5  25-29 Bellarine Highway  Newcomb VIC 3219,03 5248 1501,"{""lat"":-38.1735332, ""lng"":144.402482}"
mgp0244,Deakin University Medical Centre - Waterfront Campus,John Hay Building  1 Gheringhap Street  Geelong VIC 3220,03 5247 9312,"{""lat"":-38.1527593, ""lng"":144.3554023}"
mgp0245,Discount Drug Stores East Geelong,1 Ormond Road  East Geelong VIC 3219,03 5229 5565,"{""lat"":-38.1620569, ""lng"":144.3783427}"
mgp0246,Chemist Warehouse - Geelong,179-181 Little Malop Street  Geelong VIC 3220,03 5221 9940,"{""lat"":-38.149166449999996, ""lng"":144.36445198198712}"
mgp0247,Priceline Pharmacy Geelong West,91 Pakington Street  Geelong West VIC 3218,03 5229 1058,"{""lat"":-38.137204049999994, ""lng"":144.3487008719897}"
mgp0248,Rye Beach Terry White Chemmart,2345 Point Nepean Road  Rye VIC 3941,03 5985 2292,"{""lat"":-38.3710613, ""lng"":144.8308795}"
mgp0249,Community Care Chemist - Geelong West,Shop 1  184 Pakington Street  Geelong West VIC 3218,03 5246 5850,"{""lat"":-38.1413135, ""lng"":144.34843530339532}"
mgp0250,Vines Road Pharmacy,99 Vines Road  Hamlyn Heights VIC 3215,03 5278 4064,"{""lat"":-38.12098, ""lng"":144.328243}"
mgp0251,MOORABOOL SHIRE COUNCIL,15 Stead Street  Ballan VIC 3342,03 5366 7100,"{""lat"":-37.6000797, ""lng"":144.2279951}"
mgp0252,Community Care Chemist - Belmont,157 High Street  Belmont VIC 3216,03 5241 1755,"{""lat"":-38.1823454, ""lng"":144.3349477}"
mgp0253,291 Roslyn Road Medical Practice,291 Roslyn Road  Highton VIC 3216,03 5241 1155,"{""lat"":-38.1714319, ""lng"":144.3096902}"
mgp0254,Barwon Health - Immunisation Service,Barwon Health Community Health Centre  1 17 Reynolds Road  Belmont VIC 3216,03 4215 6963,"{""lat"":-38.1893606, ""lng"":144.3277274}"
mgp0255,Campaspe Family Practice,Kyneton Hospital  7-25 Caroline Chisholm Drive  Kyneton VIC 3444,03 5422 2877,"{""lat"":-37.2547283, ""lng"":144.4701376255794}"
mgp0256,Priceline Pharmacy - Waurn Ponds,Waurn Ponds Shopping Centre  Shop 02  173-199 Pioneer Road  Waurn Ponds VIC 3216,03 5244 5129,NA
mgp0257,Pharmacy 4 Less Waurn Ponds,Waurn Ponds Shopping Centre  Shop 1D  199 Pioneer Road  Waurn Ponds VIC 3216,03 5243 1050,NA
mgp0258,Murrindindi Shire Council - Yea Office,15 The Semi Circle  Yea VIC 3717,03 5797 2888,NA
mgp0259,Bannockburn Pharmacy,6 High Street  Bannockburn VIC 3331,03 5281 1519,"{""lat"":-38.0452291, ""lng"":144.1719057}"
mgp0260,Golden Plains Shire Council - Bannockburn,2a Pope Street  Bannockburn VIC 3331,03 5220 7111,"{""lat"":-38.0490753, ""lng"":144.1708642}"
mgp0261,Lang Lang Pharmacy,Shop 3  14-16 Westernport Road  Lang Lang VIC 3984,03 5997 5403,"{""lat"":-38.2688604, ""lng"":145.5551935}"
mgp0262,Cowes Pharmacy,24 Thompson Avenue  Cowes VIC 3922,03 5952 2061,"{""lat"":-38.4635385, ""lng"":145.2389815}"
mgp0263,Phillip Island Pharmacy,Shop 2  164-166 Thompson Avenue  Cowes VIC 3922,03 5952 2299,"{""lat"":-38.4593732, ""lng"":145.2389843}"
mgp0264,Surf Coast Shire - Torquay Children's Services Hub,27 Grossmans Road  Torquay VIC 3228,03 5261 0549,"{""lat"":-38.3186059, ""lng"":144.2959083}"
mgp0265,Torquay Pharmacy,18 Gilbert Street  Torquay VIC 3228,03 5261 2270,"{""lat"":-38.3321859, ""lng"":144.3249404}"
mgp0266,Maternal And Child Health Centre - Moriac,Moriac Preschool Building  7 Clerke Court  Moriac VIC 3240,03 5261 0600,"{""lat"":-38.2436512, ""lng"":144.1692162}"
mgp0267,Hepburn Community Care,76 Vincent Street  Daylesford VIC 3460,03 5321 6550,"{""lat"":-37.3413082, ""lng"":144.1426676}"
mgp0268,Nyora Pharmacy,44 Davis Street  Nyora VIC 3987,03 5659 0169,"{""lat"":-38.3328548, ""lng"":145.6728101}"
mgp0269,Chemist Discount Centre Drouin,1 Hope Street  Drouin VIC 3818,03 5625 1888,"{""lat"":-38.1346371, ""lng"":145.8564961}"
mgp0270,Drouin Amcal Pharmacy,33-35 Princes Way  Drouin VIC 3818,03 5625 1659,"{""lat"":-38.13826, ""lng"":145.8611004}"
mgp0271,Murrindindi Shire Council - Alexandra,Shire Offices  28 Perkins Street  Alexandra VIC 3714,03 5772 0333,"{""lat"":-37.1891273, ""lng"":145.7128586}"
mgp0272,BAW BAW SHIRE COUNCIL,1 Civic Place  Warragul VIC 3820,03 5624 2411,"{""lat"":-38.1583334, ""lng"":145.9342881}"
mgp0273,Chemist Discount Pharmacy - Warragul,38 Palmerston Street  Warragul VIC 3820,03 5623 1615,"{""lat"":-38.1617916, ""lng"":145.9324743}"
mgp0274,Gladstone Street Medical Clinic,46 Gladstone Street  Warragul VIC 3820,03 5622 0444,"{""lat"":-38.1617437, ""lng"":145.9364921}"
mgp0275,Maternal And Child Health Centre - Anglesea,Barwon Health Building  3B McMillan Street  Anglesea VIC 3230,03 5261 0600,"{""lat"":-38.409679, ""lng"":144.1855735}"
mgp0276,TerryWhite Chemmart Winchelsea,15 Main Street  Winchelsea VIC 3241,03 5267 2198,"{""lat"":-38.2440324, ""lng"":143.9873877}"
mgp0277,Bridge Mall UFS Dispensary,40 Bridge Mall  Ballarat VIC 3350,03 5327 0400,"{""lat"":-37.5625305, ""lng"":143.8625191}"
mgp0278,Priceline Pharmacy Bridge Mall,2 Bridge Mall  Ballarat VIC 3350,03 5331 7021,"{""lat"":-37.5625305, ""lng"":143.8625191}"
mgp0279,Eureka Medical Centre Pharmacy,14 Albert Street  Ballarat VIC 3350,03 5331 1199,"{""lat"":-37.5628434, ""lng"":143.859025}"
mgp0280,Maternal And Child Health Centre - Winchelsea,Hesse Rural Health Building  12 Gosney Street  Winchelsea VIC 3241,03 5261 0600,"{""lat"":-38.2432644, ""lng"":143.9837778}"
mgp0281,Ballarat City Council - Age  Disability and Community Services,25 Armstrong Street  Ballarat VIC 3350,03 5320 5500,NA
mgp0282,Ballarat - Sturt Street UFS Dispensary,717 Sturt Street  Ballarat VIC 3350,03 5331 9811,"{""lat"":-37.56146845000001, ""lng"":143.84973474999998}"
mgp0283,Avenel Pharmacy,2 Queen Street  Avenel VIC 3664,03 5796 2009,"{""lat"":-36.896312, ""lng"":145.2298768}"
mgp0284,Ballarat Community Health - Wendouree,1042 Howitt Street  Wendouree VIC 3355,03 5338 4500,"{""lat"":-37.539033, ""lng"":143.8224388}"
mgp0285,Lyttleton Street Medical Clinic,64 Lyttleton Street  Castlemaine VIC 3450,03 5472 3233,"{""lat"":-37.0643894, ""lng"":144.2170644}"
mgp0286,UFS Dispensary Wendouree,1207 Howitt Street  Wendouree VIC 3355,03 5339 6933,"{""lat"":-37.54042455, ""lng"":143.82990454819702}"
mgp0287,MOUNT ALEXANDER SHIRE COUNCIL,25 Lyttleton Street  Castlemaine VIC 3450,03 5471 1766,"{""lat"":-37.0643894, ""lng"":144.2170644}"
mgp0288,Bass Coast Health - Wonthaggi Hospital,235 Graham Street  Wonthaggi VIC 3995,03 5671 3227,"{""lat"":-38.6058642, ""lng"":145.5934637}"
mgp0289,Leigh Community Health Centre,55 Ferrars Street  Rokewood VIC 3330,03 5267 1280,"{""lat"":-37.9025805, ""lng"":143.7242934}"
mgp0290,Golden Plains Northern Community Centre  Haddon,396 Sago Hill Road  Haddon VIC 3351,03 5220 7230,"{""lat"":-37.5776006, ""lng"":143.7352211}"
mgp0291,SOUTH GIPPSLAND SHIRE COUNCIL,9 Smith Street  Leongatha VIC 3953,03 5662 9370,"{""lat"":-38.4763175, ""lng"":145.94351}"
mgp0292,Maternal And Child Health Centre - Lorne,Figtree Community House  16 Mountjoy Parade  Lorne VIC 3232,03 5261 0600,"{""lat"":-38.5365271, ""lng"":143.9732849}"
mgp0293,Strathdale Pharmacy,Strathdale Shopping Centre  Shop 48D  134 Condon Street  Kennington VIC 3550,03 5442 3889,"{""lat"":-36.7805016, ""lng"":144.3124402}"
mgp0294,Chemist Warehouse Kangaroo Flat,144 High Street  Kangaroo Flat VIC 3555,03 5447 8426,"{""lat"":-36.8186965, ""lng"":144.2382345}"
mgp0295,Priceline Pharmacy Bendigo Marketplace,Bendigo Market Place  Shop 11  116-120 Mitchell Street  Bendigo VIC 3550,03 5443 3319,"{""lat"":-36.7632122, ""lng"":144.282635}"
mgp0296,City of Greater Bendigo,195 229 Lyttleton Terrace  Bendigo VIC 3550,03 44086590,"{""lat"":-36.75902495, ""lng"":144.2836307973192}"
mgp0297,Chemist Warehouse - Bendigo,43 Mitchell Street  Bendigo VIC 3550,03 5443 4988,"{""lat"":-36.76070765, ""lng"":144.28012856611105}"
mgp0298,Mansfield Pharmacy - Cathy Henry,37 High Street  Mansfield VIC 3722,03 5775 1311,"{""lat"":-37.0528146, ""lng"":146.0923942}"
mgp0299,UFS Pharmacies View Street,Corner of View and Barnard Street  Bendigo VIC 3550,03 5443 4610,"{""lat"":-36.7583562, ""lng"":144.2679956}"
mgp0300,Bendigo Primary Care Centre,123 Arnold Street  Bendigo VIC 3550,03 5441 8622,"{""lat"":-36.7437049, ""lng"":144.2743093}"
mgp0301,UFS Pharmacies Maiden Gully,Shop 2  741 Calder Highway  Maiden Gully VIC 3551,03 5449 7149,"{""lat"":-36.7420419, ""lng"":144.1993822}"
mgp0302,CENTRAL GOLDFIELDS SHIRE COUNCIL,Maryborough Regional College  12 Nolan Street  Maryborough VIC 3465,03 5461 0647,"{""lat"":-37.0468779, ""lng"":143.737386}"
mgp0303,Priceline Pharmacy Maryborough,101-103 High Street  Maryborough VIC 3465,03 5460 5999,"{""lat"":-37.0472225, ""lng"":143.73692}"
mgp0304,Clarendon Medical Centre,4 Neill Street  Maryborough VIC 3465,03 5461 0100,"{""lat"":-37.0451572, ""lng"":143.7363782}"
mgp0305,Colac Otway Shire - Older Persons and Ability Support Services,Colac Otway Shire Service Centre  2-6 Rae Street  Colac VIC 3250,03 5232 9420,"{""lat"":-38.3421098, ""lng"":143.5857692}"
mgp0306,Latrobe City Council - Morwell Office,141 Commercial Road  Morwell VIC 3840,1300 367 700,"{""lat"":-38.2473922, ""lng"":146.4258293}"
mgp0307,Skipton Infant Welfare Centre,Skipton Hospital  Blake Street  Skipton VIC 3361,03 5340 1162,"{""lat"":-37.6841864, ""lng"":143.3615113}"
mgp0308,Chemist Discount Centre Churchill,West Place Shopping Centre  Shop 7  11-12 West Place  Churchill VIC 3842,03 5122 1390,"{""lat"":-38.3142299, ""lng"":146.4200659}"
mgp0309,Maternal And Child Health Centre - Lismore,Lismore Community Health Centre  102 High Street  Lismore VIC 3324,1800 552 902,"{""lat"":-37.9538742, ""lng"":143.3435397}"
mgp0310,PYRENEES SHIRE COUNCIL,5 Lawrence Street  Beaufort VIC 3373,03 5349 1100,"{""lat"":-37.428236749999996, ""lng"":143.38429237295185}"
mgp0311,TerryWhite Chemmart Traralgon,65 Franklin Street  Traralgon VIC 3844,03 5174 2214,"{""lat"":-38.1942334, ""lng"":146.5382946}"
mgp0312,Chemist Warehouse Traralgon,92 Franklin Street  Traralgon VIC 3844,03 5174 2003,"{""lat"":-38.1942334, ""lng"":146.5382946}"
mgp0313,Dunolly Pharmacy,119 Broadway  Dunolly VIC 3472,03 5468 1522,"{""lat"":-36.8660347, ""lng"":143.7368127}"
mgp0314,Dunolly Pharmacy,199 Broadway  Dunolly VIC 3472,03 5468 1522,"{""lat"":-36.8660347, ""lng"":143.7368127}"
mgp0315,Community Care Chemist - Apollo Bay,123 Great Ocean Road  Apollo Bay VIC 3233,03 5237 6312,"{""lat"":-38.7539267, ""lng"":143.6689497}"
mgp0316,Maternal & Child Health Centre - Merrigum,145 Waverley Avenue  Merrigum VIC 3618,03 5855 2467,"{""lat"":-36.36934935, ""lng"":145.132224657805}"
mgp0317,Mooroopna Pharmacy,90 McLennan Street  Mooroopna VIC 3629,03 5825 1912,"{""lat"":-36.3952648, ""lng"":145.3546233}"
mgp0318,Rochester Medical Practice,40-44 Moore Street  Rochester VIC 3561,03 5484 1304,"{""lat"":-36.3608878, ""lng"":144.7000059}"
mgp0319,Chemist Warehouse Shepparton,425 Wyndham Street  Shepparton VIC 3630,03 5821 6000,"{""lat"":-36.3780417, ""lng"":145.3999342}"
mgp0320,Vita Healthcare,Shepparton Market Place  Shop 2-3  110 Benalla Road  Shepparton VIC 3630,03 5822 2273,"{""lat"":-36.3882462, ""lng"":145.4245579}"
mgp0321,Family Care Pharmacy - High Street,Shop 14  310 High Street  Shepparton VIC 3630,03 5821 0580,"{""lat"":-36.3815587, ""lng"":145.4032602}"
mgp0322,GREATER SHEPPARTON CITY COUNCIL,70 Welsford Street  Shepparton VIC 3630,03 5832 9700,"{""lat"":-36.377464, ""lng"":145.398035}"
mgp0323,Priceline Pharmacy Benalla,83 Bridge Street  Benalla VIC 3672,03 5762 2888,"{""lat"":-36.5549368, ""lng"":145.9766271}"
mgp0324,Jenny Milner - Marsha Watson Pharmacy,55 Bridge Street  Benalla VIC 3672,03 5762 1033,"{""lat"":-36.5549368, ""lng"":145.9766271}"
mgp0325,Amcal Plus Benalla,27-29 Bridge Street  Benalla VIC 3672,03 5762 7575,"{""lat"":-36.5549368, ""lng"":145.9766271}"
mgp0326,Kerr's Amcal Pharmacy,155 Allan Street  Kyabram VIC 3620,03 5852 1023,"{""lat"":-36.3135065, ""lng"":145.0522861}"
mgp0327,Benalla Community Care Centre,Ray Sweeney Community Care  45 Coster Street  Benalla VIC 3672,03 5761 4500,"{""lat"":-36.55495715, ""lng"":145.99449813503026}"
mgp0328,Camperdown Pharmacy,135 Manifold Street  Camperdown VIC 3260,03 5593 1152,"{""lat"":-38.2368592, ""lng"":143.1537502}"
mgp0329,Corangamite Shire,181 Manifold Street  Camperdown VIC 3260,03 5593 7100,"{""lat"":-38.2368592, ""lng"":143.1537502}"
mgp0330,Yarram and District Health Service - Yarram,85-91 Commercial Road  Yarram VIC 3971,1800 934 722,"{""lat"":-38.5692416, ""lng"":146.6746776}"
mgp0331,Yarram Pharmacy,199 Commercial Road  Yarram VIC 3971,03 5182 5005,"{""lat"":-38.5692416, ""lng"":146.6746776}"
mgp0332,Neilson's Pharmacy Yarram,247 Commercial Road  Yarram VIC 3971,03 5182 5042,"{""lat"":-38.5692416, ""lng"":146.6746776}"
mgp0333,Loddon Shire Council - Community Services,Serpentine  37 Peppercorn Way  Serpentine VIC 3517,03 5437 7999,"{""lat"":-36.409039, ""lng"":143.9744496}"
mgp0334,Chemist Warehouse Echuca,Shop 3  102 Northern Highway  Echuca VIC 3564,03 5482 1017,"{""lat"":-36.1222088, ""lng"":144.7534181}"
mgp0335,Coburn & Reid Pharmacy,177 Annesley Street  Echuca VIC 3564,03 5480 6011,"{""lat"":-36.1274517, ""lng"":144.7518018}"
mgp0336,Echuca Moama Family Medical Practice - Echuca,179-183 Annesley Street  Echuca VIC 3564,03 5480 6001,"{""lat"":-36.1274517, ""lng"":144.7518018}"
mgp0337,Shire Of Campaspe,Corner Hare and Heygarth Street  Echuca VIC 3564,1300 666 535,NA
mgp0338,Maternal And Child Health Centre - Terang,62 Dow Street  Terang VIC 3264,1800 552 902,"{""lat"":-38.239052, ""lng"":142.9250841}"
mgp0339,Lake Bolac Bush Nursing Centre,155 Montgomery Street  Lake Bolac VIC 3351,03 5355 8700,"{""lat"":-37.7243445, ""lng"":142.8341798}"
mgp0340,ARARAT RURAL CITY COUNCIL,Corner Vincent and High Street  Ararat VIC 3377,03 5352 1813,NA
mgp0341,Priceline Pharmacy Ararat,119 Barkly Street  Ararat VIC 3377,03 5352 1007,"{""lat"":-37.2856316, ""lng"":142.9497674}"
mgp0342,Sale Medical Centre,73 Pearson Street  Sale VIC 3850,03 5144 5766,"{""lat"":-38.1077315, ""lng"":147.0625967}"
mgp0343,The Wellington Shire Service Centre - Sale Office,70 Foster Street  Sale VIC 3850,1300 366 244,"{""lat"":-38.1114902, ""lng"":147.065864}"
mgp0344,Raymond Street Pharmacy,Aldi Centre  Shop 3  398-424 Raymond Street  Sale VIC 3850,03 5144 7447,NA
mgp0345,Amcal+ Pharmacy Sale - Findlay & Weymouth,275 Raymond Street  Sale VIC 3850,03 5144 2005,"{""lat"":-38.1073334, ""lng"":147.0656874}"
mgp0346,Timboon And District Health Care Service,21 Hospital Road  Timboon VIC 3268,03 5558 6000,"{""lat"":-38.4861602, ""lng"":142.9773816}"
mgp0347,Moyne Shire Council - Mortlake,1 Jamieson Avenue  Mortlake VIC 3272,03 5558 7888,"{""lat"":-38.08141, ""lng"":142.8092136}"
mgp0348,Amcal Pharmacy Numurkah - Louis Hamon,80 Melville Street  Numurkah VIC 3636,03 5862 1762,"{""lat"":-36.0902986, ""lng"":145.4422995}"
mgp0349,Chemist Warehouse - Wangaratta DC,180-182 Tone Road  Wangaratta VIC 3677,03 5721 2133,"{""lat"":-36.3592254, ""lng"":146.315374}"
mgp0350,Robertson's Pharmacy,53 Phillipson Street  Wangaratta VIC 3677,03 5722 3333,"{""lat"":-36.3546874, ""lng"":146.3049126}"
mgp0351,Gateway Health - Wangaratta,45 47 Mackay Street  Wangaratta VIC 3677,03 5723 2000,"{""lat"":-36.3575844, ""lng"":146.3188522}"
mgp0352,Myrtleford Pharmacy,43 Clyde Street  Myrtleford VIC 3737,03 5752 1288,"{""lat"":-36.5612235, ""lng"":146.7256897}"
mgp0353,Shire Of Alpine,2 Churchill Avenue  Bright VIC 3741,03 5755 0555,"{""lat"":-36.743404, ""lng"":146.9779532}"
mgp0354,Moira Shire Council,44 Station Street  Cobram VIC 3644,1300 369 966,"{""lat"":-35.9232186, ""lng"":145.6464856}"
mgp0355,Yarrawonga Denis Medical Group,72 Woods Road  Yarrawonga VIC 3730,03 5744 1777,"{""lat"":-36.0216294, ""lng"":146.0132358}"
mgp0356,TerryWhite Chemmart Yarrawonga,54 Belmore Street  Yarrawonga VIC 3730,03 5744 3035,"{""lat"":-36.0173075, ""lng"":146.0044143}"
mgp0357,Murray River Council - Family And Children Services,21 Conargo Street  Mathoura NSW 2710,03 5884 3302,NA
mgp0358,Buloke Shire Council - Charlton,1 High Street  Charlton VIC 3525,1300 520 520,"{""lat"":-36.2702502, ""lng"":143.352391}"
mgp0359,Chemist Warehouse Warrnambool,Gateway Plaza  Shop M1032  154 Raglan Parade  Warrnambool VIC 3280,03 5562 9780,"{""lat"":-38.3782331, ""lng"":142.4817332}"
mgp0360,Children's Services Centre - Warrnambool,550 Raglan Parade  Warrnambool VIC 3280,03 5559 4855,"{""lat"":-38.3782331, ""lng"":142.4817332}"
mgp0361,ARTZ & KAY PHARMACY,145-149 Lava Street  Warrnambool VIC 3280,03 5562 0509,"{""lat"":-38.3797224, ""lng"":142.4802492}"
mgp0362,Monaghans Pharmacy,140 Fairy Street  Warrnambool VIC 3280,03 5562 9555,"{""lat"":-38.3801156, ""lng"":142.4801849}"
mgp0363,WARRNAMBOOL CITY COUNCIL,25 Liebig Street  Warrnambool VIC 3280,03 5559 4800,"{""lat"":-38.385867, ""lng"":142.4815074}"
mgp0364,Indigo Shire Council - Yackandandah Office,34 High Street  Yackandandah VIC 3749,1300 365 003,"{""lat"":-36.3130767, ""lng"":146.8395795}"
mgp0365,Loch Sport Community Health Centre,1 National Park Road  Loch Sport VIC 3851,03 5146 0349,"{""lat"":-38.0396823, ""lng"":147.5930259}"
mgp0366,East Gippsland Shire Council - Bairnsdale Corporate Centre,273 Main Street  Bairnsdale VIC 3875,03 5153 9500,"{""lat"":-37.8270896, ""lng"":147.6269273}"
mgp0367,Corner Amcal Pharmacy Bairnsdale,190 Main Street  Bairnsdale VIC 3875,03 5152 3107,"{""lat"":-37.8270896, ""lng"":147.6269273}"
mgp0368,Advantage Pharmacy Bairnsdale,46 Nicholson Street  Bairnsdale VIC 3875,03 5152 4048,"{""lat"":-37.825678, ""lng"":147.6265902}"
mgp0369,Buloke Shire Council - Donald,12 Houston Street  Donald VIC 3480,1300 520 520,"{""lat"":-36.3701525, ""lng"":142.985177}"
mgp0370,Corowa Health Service Immunisation Service,Corowa District Hospital  53 Guy Street  Corowa NSW 2646,02 6033 7555,"{""lat"":-35.9947182, ""lng"":146.383844}"
mgp0371,Buloke Shire Council - Wycheproof,367 Broadway  Wycheproof VIC 3527,1300 520 520,"{""lat"":-36.0798439, ""lng"":143.2257718}"
mgp0372,GANNAWARRA SHIRE COUNCIL,47 Victoria Street  Kerang VIC 3579,03 5450 9333,"{""lat"":-35.7250403, ""lng"":143.9203202}"
mgp0373,Moyne Shire Council - Port Fairy,1 Princes Street  Port Fairy VIC 3284,03 5568 0555,"{""lat"":-38.3847969, ""lng"":142.2381874}"
mgp0374,Jerilderie Community Health Centre,35 Jerilderie Street  Berrigan NSW 2712,03 5886 1200,NA
mgp0375,Conargo Shire Council - Family And Children SVS,122 End Street  Deniliquin NSW 2710,03 5880 1200,NA
mgp0376,Tangam Pharmacy,50 Kiewa East Road  Tangambalanga VIC 3691,02 6073 0605,"{""lat"":-36.2578618, ""lng"":147.0065932}"
mgp0377,Good Price Pharmacy Warehouse - Wodonga,285 Victoria Cross Parade  Wodonga VIC 3690,02 6056 8522,"{""lat"":-36.1422563, ""lng"":146.8859362}"
mgp0378,TerryWhite Chemmart Wodonga,Shop 1  127 High Street  Wodonga VIC 3690,02 6024 1710,"{""lat"":-36.1218187, ""lng"":146.8878948}"
mgp0379,Chemist Warehouse - Wodonga,178 High Street  Wodonga VIC 3690,03 6024 1411,"{""lat"":-36.1102521, ""lng"":146.8938804}"
mgp0380,City Of Wodonga,104 Hovell Street  Wodonga VIC 3690,02 6022 9300,"{""lat"":-36.1240847, ""lng"":146.888564}"
mgp0381,Albury Wodonga Family Medical Centre,7 Elgin Boulevard  Wodonga VIC 3690,02 6024 3588,"{""lat"":-36.1214885, ""lng"":146.8894767}"
mgp0382,Southern Grampians Shire Council - Hamilton,Frances Hewitt Community Centre  2 Roberts Street  Hamilton VIC 3300,03 5551 8480,"{""lat"":-37.7326177, ""lng"":142.031041}"
mgp0383,Frances Hewett Community Centre,2 Roberts Street  Hamilton VIC 3300,03 5551 8480,"{""lat"":-37.7326177, ""lng"":142.031041}"
mgp0384,Lakes Esplanade Pharmacy,Safeway Plaza  Shop 6  371 The Esplanade  Lakes Entrance VIC 3909,03 5155 5044,"{""lat"":-37.8782187, ""lng"":147.9973076}"
mgp0385,Buloke Shire Council - Birchip,22 Cumming Avenue  Birchip VIC 3483,1300 520 520,"{""lat"":-35.9827, ""lng"":142.9174726}"
mgp0386,Horsham Rural City Council - Horsham,18 Roberts Avenue  Horsham VIC 3400,03 5382 9768,"{""lat"":-36.7142683, ""lng"":142.2005496}"
mgp0387,Amcal Pharmacy - Horsham,96-98 Firebrace Street  Horsham VIC 3400,03 5382 1019,"{""lat"":-36.7166868, ""lng"":142.1997857}"
mgp0388,TerryWhite Chemmart Horsham Compounding,58 Firebrace Street  Horsham VIC 3400,03 5382 4466,"{""lat"":-36.7166868, ""lng"":142.1997857}"
mgp0389,Priceline Pharmacy Horsham,34 Darlot Street  Horsham VIC 3400,03 5382 6006,"{""lat"":-36.7177779, ""lng"":142.1970875}"
mgp0390,YARRIAMBIACK SHIRE COUNCIL,34 Lyle Street  Warracknabeal VIC 3393,1800 065 647,"{""lat"":-36.253243, ""lng"":142.3948016}"
mgp0391,Buchan Bush Nursing Centre,61 Main Road  Buchan VIC 3885,03 5155 9222,"{""lat"":-37.5001715, ""lng"":148.1718432}"
mgp0392,Maternal And Child Health Centre - Heywood,77-79 Edgar Street  Heywood VIC 3304,03 5522 2211,"{""lat"":-38.1297744, ""lng"":141.6304804}"
mgp0393,Urana Shire Council Family And Children Services,30 32 William Street  Urana NSW 2645,02 6930 9100,"{""lat"":-35.3318073, ""lng"":146.2681788}"
mgp0394,Marraboor Pharmacy,34 McCrae Street  Swan Hill VIC 3585,03 5032 2192,"{""lat"":-35.3405123, ""lng"":143.5614882}"
mgp0395,Portland Amcal Pharmacy,87 Percy Street  Portland VIC 3305,03 5523 1035,"{""lat"":43.86345187691176, ""lng"":-70.11033261311006}"
mgp0396,Portland Guardian Pharmacy,73 Percy Street  Portland VIC 3305,03 5523 1024,"{""lat"":43.86330860752742, ""lng"":-70.11042861622595}"
mgp0397,Karreeta Peeneeyt Mara Portland Child and Family Complex,94 Julia Street  Portland VIC 3305,03 5522 2211,"{""lat"":43.622764530085874, ""lng"":-70.26349091953837}"
mgp0398,Orbost Pharmacy,125 Nicholson Street  Orbost VIC 3888,03 5154 1030,"{""lat"":-37.7080913, ""lng"":148.4544336}"
mgp0399,Woomelang & District Bush Nursing Centre,16 Proctor Street  Woomelang VIC 3485,03 5072 6100,"{""lat"":-35.68200775, ""lng"":142.66540066662503}"
mgp0400,Greater Hume Shire Council Family And Children SVS,39 Young Street  Holbrook NSW 2644,02 6036 0100,NA
mgp0401,Wakool Shire Council Family And Children's SVS,20 Tualka Terrace  Moulamein NSW 2733,03 5887 5007,NA
mgp0402,Maternal and Child Health Centre - Casterton,Children Sevices Complex  1 Jackson Street  Casterton VIC 3311,03 5554 2525,"{""lat"":-37.5894869, ""lng"":141.3982654}"
mgp0403,Maternal And Child Health Centre - Sea Lake,Sea Lake Maternal & Child Health Centre  55 Mudge Street  Sea Lake VIC 3533,1300 520 520,"{""lat"":-35.5031409, ""lng"":142.8533575}"
mgp0404,Buloke Shire Council - Sea Lake,65 Horace Street  Sea Lake VIC 3533,1300 520 520,"{""lat"":-35.4965553, ""lng"":142.8479879}"
mgp0405,Maternal And Child Health Centre - Dartmoor,Bush Nursing Centre  28 Ascot Street  Dartmoor VIC 3304,03 5528 1318,"{""lat"":-37.924246499999995, ""lng"":141.2754502}"
mgp0406,Lockhart Community Health Service Immunisation Service,Lockhart And District Hospital  49 55A Hebden Street  Lockhart NSW 2656,02 6930 7100,NA
mgp0407,West Wimmera Shire Council,Edenhope Shire Office  49 Elizabeth Street  Edenhope VIC 3318,03 5585 9900,"{""lat"":-37.0356163, ""lng"":141.2879437}"
mgp0408,West Wimmera Health Service - Nhill Campus,49 Nelson Street  Nhill VIC 3418,03 5391 4222,"{""lat"":-36.3340726, ""lng"":141.6628399}"
mgp0409,Edenhope and District Memorial Hospital,128-134 Elizabeth Street  Edenhope VIC 3318,03 5585 9888,"{""lat"":-37.0356163, ""lng"":141.2879437}"
mgp0410,Nhill Pharmacy,21 Victoria Street  Nhill VIC 3418,03 5391 1456,"{""lat"":-36.333537, ""lng"":141.6498882}"
mgp0411,Yaapeet Maternal & Child Health Centre,Raggatt Street  Yaapeet VIC 3424,03 5398 0131,"{""lat"":-35.7708417, ""lng"":142.0543492}"
mgp0412,Tumbarumba Shire Council Family And Children SVS,10 Bridge Street  Tumbarumba NSW 2653,02 6948 9100,NA
mgp0413,Glenrock Country Practice - Wagga Wagga,8 Tanda Place  Glenfield Park NSW 2650,02 6971 5000,NA
mgp0414,KRS Health Family Medical Practice,547 Kooringal Road  Kooringal NSW 2650,02 6922 6144,NA
mgp0415,Hay Shire Council Family And Children's Services,134 Lachlan Street  Hay NSW 2711,02 6993 1003,"{""lat"":-34.5023693, ""lng"":144.8447873}"
mgp0416,West Wimmera Shire Council - Kaniva,Kaniva Shire Office  25 Baker Street  Kaniva VIC 3419,03 5392 7700,"{""lat"":-36.3809101, ""lng"":141.2406545}"
mgp0417,Wagga Wagga Community Health Service Immunisation Service,Wagga Wagga Base Hospital  260 Edward Street  Wagga Wagga NSW 2650,02 6938 6411,"{""lat"":-35.1161187, ""lng"":147.3489814}"
mgp0418,Wagga Wagga Medical Centre,4 Baylis Street  Wagga Wagga NSW 2650,02 6921 4053,"{""lat"":-35.1173677, ""lng"":147.3690912}"
mgp0419,St George Family Medical Centre,23 Best Street  Wagga Wagga NSW 2650,02 6971 9009,NA
mgp0420,Narrandera Shire Council Family And Children SVS,141 143 East Street  Narrandera NSW 2700,02 6959 5510,"{""lat"":-34.7451433, ""lng"":146.5534456}"
mgp0421,Wagga Wagga City Council Family And Children SVS,Baylis Street  Wagga Wagga NSW 2650,02 6926 9100,"{""lat"":-35.1173677, ""lng"":147.3690912}"
mgp0422,CITY OF MOUNT GAMBIER,10 Watson Terrace  Mount Gambier SA 5290,08 8721 2555,"{""lat"":-37.8295145, ""lng"":140.7814841}"
mgp0423,District Council Of Grant,324 Commercial Street  Mount Gambier SA 5290,08 8724 5222,NA
mgp0424,Murrumbidgee Medical & Primary Care Centre - Leeton,81 Kurrajong Avenue  Leeton NSW 2705,02 6953 4333,"{""lat"":-34.5519675, ""lng"":146.4062679}"
mgp0425,Leeton Shire Council Family And Children Services,23 25 Chelmsford Place  Leeton NSW 2705,02 6953 2611,NA
mgp0426,Mildura Rural City Council-Ouyen Service Centre,79 Oke Street  Ouyen VIC 3490,03 5018 8600,"{""lat"":-35.0710973, ""lng"":142.3149254}"
mgp0427,Naracoorte Community Health,6 Cedar Avenue  Naracoorte SA 5271,08 8762 8160,"{""lat"":-36.9631654, ""lng"":140.7449086}"
mgp0428,Griffith Aboriginal Medical Service,38-42 Jondaryan Avenue  Griffith NSW 2680,02 6962 0000,NA
mgp0429,South West Regional Family Day Care,34 Belmore Street  Junee NSW 2663,02 6924 3518,NA
mgp0430,Junee Medical Centre,98 Broadway Street  Junee NSW 2663,02 6924 3022,NA
mgp0431,Your Health Griffith,105 Binya Street  Griffith NSW 2680,02 6962 7661,NA
mgp0432,Griffith Medical Centre,1 Animoo Avenue  Griffith NSW 2680,02 6964 5888,NA
mgp0433,Tumut Family Medical Centre,Shop 9-12  95 Wynyard Street  Tumut NSW 2720,02 6947 2211,NA
mgp0434,Fitzroy Medical Centre,61 Fitzroy Street  Tumut NSW 2720,02 6947 2011,NA
mgp0435,Underbool Maternal & Child Health Centres,13 Monash Avenue  Underbool VIC 3509,03 5018 8277,"{""lat"":-35.1713896, ""lng"":141.8110793}"
mgp0436,Robinvale District Health Services,128 132 Latje Road  Robinvale VIC 3549,03 5051 8111,"{""lat"":-34.5826614, ""lng"":142.7792276}"
mgp0437,Country Health Connect,The Cottage  8 De Courcey Street  Bordertown SA 5268,08 8752 9050,"{""lat"":-36.3113703, ""lng"":140.7671172}"
mgp0438,Gundagai Medical Centre,95 Sheridan Street  Gundagai NSW 2722,02 6944 3444,NA
mgp0439,Lucindale Community Health,22 Musgrave Avenue  Lucindale SA 5272,08 8766 2656,"{""lat"":-36.9725733, ""lng"":140.365912}"
mgp0440,Temora Medical Complex,296-298 Hoskins Street  Temora NSW 2666,02 6977 3600,"{""lat"":-34.4429198, ""lng"":147.5320689}"
mgp0441,Pambula Community Health Centre,Merimbola Street  Pambula NSW 2549,02 6495 8350,"{""lat"":-36.9291075, ""lng"":149.8772921}"
mgp0442,Keith Community Health,27 Hill Avenue  Keith SA 5267,08 8752 9050,"{""lat"":-36.0976229, ""lng"":140.3502919}"
mgp0443,Health Protection Service - Communicable Disease Control,Howard Florey Centenary House  25 Mulley Street  Holder NSW 2611,02 6205 2300,"{""lat"":-35.3310419, ""lng"":149.04950197648515}"
mgp0444,TerryWhite Chemmart - Red Cliffs,53 Ilex Street  Red Cliffs VIC 3496,03 5024 1441,"{""lat"":-34.308983, ""lng"":142.1878837}"
mgp0445,Belconnen Community Health Centre,Belconnen Community Health Centre  Corner of Lathlain and Cohen Street  Belconnen NSW 2617,02 5124 9977,NA
mgp0446,Kingston District Council,29 Holland Street  Kingston Se SA 5275,08 8721 2555,"{""lat"":-36.8332526, ""lng"":139.8556143}"
mgp0447,Queanbeyan City Council Family & Children Services,257 Crawford Street  Queanbeyan NSW 2620,02 6285 6000,"{""lat"":-35.3511627, ""lng"":149.232868}"
mgp0448,Chemist Warehouse Mildura Discount Centre,Mildura Homemaker Centre  Shop 5B  636 Fifteenth Street  Mildura VIC 3500,03 5022 9872,"{""lat"":-34.20815, ""lng"":142.1381986}"
mgp0449,The Kruger Medical Centre,10 East Street  Harden NSW 2587,02 6386 0200,NA
mgp0450,Harden Shire Council Family And Children's SVS,3 East Street  Harden NSW 2587,02 6386 2305,"{""lat"":-34.5529291, ""lng"":148.3678184}"
mgp0451,TerryWhite Chemmart Mildura,204 Deakin Avenue  Mildura VIC 3500,03 5021 2161,"{""lat"":-34.1894251, ""lng"":142.1571496}"
mgp0452,Mildura Rural City Council - Environmental Health Services,108 Madden Avenue  Mildura VIC 3500,03 5018 8100,"{""lat"":-34.1903024, ""lng"":142.1585323}"
mgp0453,Chemist Warehouse Mildura,114A-118 Langtree Avenue  Mildura VIC 3500,03 5023 2383,NA
mgp0454,Priceline Pharmacy - Mildura,91 Langtree Avenue  Mildura VIC 3500,03 5023 1003,"{""lat"":-34.1885443, ""lng"":142.1562323}"
mgp0455,My Chemist - Mildura,69 Langtree Avenue  Mildura VIC 3500,03 5023 1844,"{""lat"":-34.1885443, ""lng"":142.1562323}"
mgp0456,Hillston Medical Centre,48c Burns Street  Hillston NSW 2675,02 6967 2198,NA
mgp0457,Dareton Primary Health Service,44 46 Tapio Street  Dareton NSW 2717,03 5021 7200,"{""lat"":-34.0948558, ""lng"":142.0439015}"
mgp0458,Mercy Care Young Health Service Immunisation Service,69 Demondrille Street  Young NSW 2594,02 6382 8444,NA
mgp0459,Young Shire Council Family And Children Services,26 Campbell Street  Young NSW 2594,02 6382 6328,NA
mgp0460,Young District Medical Centre,16 Cloete Street  Young NSW 2594,02 6382 1544,NA
mgp0461,Narooma Community Health Centre,Corner Field and Graham Street  Narooma NSW 2546,1800 999 880,NA
mgp0462,Wentworth Shire Council Family And Children SVS,26 28 Adelaide Street  Wentworth NSW 2648,03 5027 5027,"{""lat"":-34.1083757, ""lng"":141.9167076}"
mgp0463,Moruya Community Health,Moruya District Hospital  2 River Street  Moruya NSW 2537,1800 999 880,NA
mgp0464,Braidwood Multi Purpose Service,73 Monkittee Street  Braidwood NSW 2622,02 4842 2566,NA
mgp0465,Weddin Shire Council Family And Children Services,Camp Street  Grenfell NSW 2810,02 6343 1212,"{""lat"":-33.8944304, ""lng"":148.154909}"
mgp0466,Upper Lachlan Shire Council Family Children SVS,44 Crookwell Road  Crookwell NSW 2583,02 4830 1000,"{""lat"":-34.4552358, ""lng"":149.4663941}"
mgp0467,RENMARK PARINGA COUNCIL,61 Eighteenth Street  Renmark SA 5341,08 8580 3000,"{""lat"":-34.178401550000004, ""lng"":140.74801099430795}"
mgp0468,Lachlan Shire Council Family And Children SVS,Condobolin Public School  62 64 Molong Street  Condobolin NSW 2877,02 6895 4444,NA
mgp0469,Forbes Community Health Centre Immunisation Service,Elgin Street  Forbes NSW 2871,02 6850 7300,"{""lat"":-33.3958508, ""lng"":148.0146803}"
mgp0470,Parkes Shire Council Family And Children Services,2 Cecile Street  Parkes NSW 2870,02 6861 2333,NA
mgp0471,Parkes General Practice,25 Church Street  Parkes NSW 2870,02 6862 6668,"{""lat"":-33.1353829, ""lng"":148.1767598}"
mgp0472,MID MURRAY COUNCIL,49 Adelaide Road  Mannum SA 5238,08 8569 0222,"{""lat"":-34.9155682, ""lng"":139.304275}"
mgp0473,Bomaderry Pharmacy,37 Meroo Street  Bomaderry NSW 2541,02 4421 2736,"{""lat"":-34.856005, ""lng"":150.6081162}"
mgp0474,Wingecarribee Shire Council Children's Services,Wingecarribee Shire Council  68 Elizabeth Street  Moss Vale NSW 2577,02 4868 0888,"{""lat"":-34.5472775, ""lng"":150.3771463}"
mgp0475,ALEXANDRINA COUNCIL,11 Cadell Street  Goolwa SA 5214,08 8555 7000,"{""lat"":-35.5008507, ""lng"":138.7819945}"
mgp0476,Clarence Plains Child Health Centre,4 Hart Place  Rokeby TAS 7019,03 6214 6035,"{""lat"":-42.8970823, ""lng"":147.4308002}"
mgp0477,ALEXANDRINA COUNCIL,1 Colman Terrace  Strathalbyn SA 5255,08 8555 7000,"{""lat"":-35.257252, ""lng"":138.8899907}"
mgp0478,CITY OF VICTOR HARBOR,Southern Fleurieu Health Service  Harbour View Terrace  Victor Harbor SA 5211,08 8552 0600,"{""lat"":-35.5627377, ""lng"":138.6095203}"
mgp0479,MOUNT BARKER DISTRICT COUNCIL,6 Dutton Road  Mount Barker SA 5251,08 8391 7222,"{""lat"":-35.0680331, ""lng"":138.8658566}"
mgp0480,Orange City Council Family And Children Services,79 81 Kite Street  Orange NSW 2800,02 6393 8000,"{""lat"":-33.2840749, ""lng"":149.0886094}"
mgp0481,Adelaide Hills Council - Hills Home & Community Support,36 Nairne Road  Woodside SA 5244,08 8408 0400,"{""lat"":-34.9699739, ""lng"":138.8916734}"
mgp0482,Kiama Hospital and Community Health Service,Bonaira Street  Kiama NSW 2533,02 4233 1033,"{""lat"":-34.6821885, ""lng"":150.8496158}"
mgp0483,Oberon Council Family And Children Services,137 139 Oberon Street  Oberon NSW 2787,02 6336 1100,"{""lat"":-33.7052719, ""lng"":149.8654217}"
mgp0484,ADELAIDE HILLS COUNCIL,63 Mount Barker Road  Stirling SA 5152,08 8408 0400,"{""lat"":-35.0052722, ""lng"":138.7166963}"
mgp0485,GP Plus Health Care Centre Aldinga,Pridham Boulevard  Aldinga Beach SA 5173,08 8384 0681,"{""lat"":-35.2704525, ""lng"":138.467683}"
mgp0486,CITY OF ONKAPARINGA,Aberfoyle Hub Community Centre  Jessica Street  Aberfoyle Park SA 5159,08 8384 0666,"{""lat"":-35.0774285, ""lng"":138.5897738}"
mgp0487,City Of Onkaparinga - Aldinga,Aldinga Beach Children's Centre  Evans Street  Aldinga Beach SA 5173,08 8384 0666,"{""lat"":-35.2695156, ""lng"":138.4605003}"
mgp0488,Blackwood Community Centre - Immunisation Clinic,4 Young Street  Blackwood SA 5051,08 8372 8816,"{""lat"":-35.0198451, ""lng"":138.6145914}"
mgp0489,City Of Onkaparinga - Morphett Vale,Woodcroft Community Centre  175 Bains Road  Morphett Vale SA 5162,08 8384 0666,"{""lat"":-35.1157635, ""lng"":138.5229748}"
mgp0490,City Of Onkaparinga - Seaford,Seaford Ecumenical Centre  Grand Boulevard  Seaford SA 5169,08 8384 0666,"{""lat"":-35.1942334, ""lng"":138.483039}"
mgp0491,Campbelltown City Council,171 Montacute Road  Newton SA 5074,08 8132 3600,"{""lat"":-34.887954300000004, ""lng"":138.67844564099636}"
mgp0492,GP Plus Super Clinic Noarlunga - Immunisation,20 Alexander Kelly Drive  Noarlunga Centre SA 5168,08 8384 0666,"{""lat"":-35.1389243, ""lng"":138.4982148}"
mgp0493,City Of Onkaparinga - Noarlunga Centre,Noarlunga Library  Hannah Road  Noarlunga Centre SA 5168,08 8384 0666,"{""lat"":-35.1398134, ""lng"":138.4955932}"
mgp0494,Mitcham Community Centre - Immunisation Clinic,Rooms 2 and 3  242 Belair Road  Lower Mitcham SA 5062,08 8372 8816,"{""lat"":-34.9761033, ""lng"":138.6094167}"
mgp0495,Barossa Council,43 Tanunda Road  Nuriootpa SA 5355,08 8563 8444,"{""lat"":-34.4767422, ""lng"":138.9944874}"
mgp0496,General Practice SA Inc,Suite 4  66 Glen Osmond Road  Parkside SA 5063,08 8271 8988,"{""lat"":-34.9459746, ""lng"":138.6244928}"
mgp0497,City Of Unley,181 Unley Road  Unley SA 5061,08 8132 3600,"{""lat"":-34.95274, ""lng"":138.6076464}"
mgp0498,City Of Marion,1 Zwerner Drive  Hallett Cove SA 5158,08 8375 6600,"{""lat"":-35.0743111, ""lng"":138.5186893}"
mgp0499,City Of Unley - Unley,18 Arthur Street  Unley SA 5061,08 8132 3600,"{""lat"":-34.9503947, ""lng"":138.6035917}"
mgp0500,Injury & Occupational Health Management (IOH) - Wollongong,32 Swan Street  Wollongong NSW 2500,02 4210 7200,"{""lat"":-34.4348592, ""lng"":150.8888638}"
mgp0501,City Of Norwood Payneham And St Peters,2 Turner Street  Felixstow SA 5070,08 8132 3600,"{""lat"":-34.8913571, ""lng"":138.6425917}"
mgp0502,CITY OF TEA TREE GULLY,Civic Centre  571 Montague Road  Modbury SA 5092,08 8397 7444,"{""lat"":-34.8281822, ""lng"":138.692756}"
mgp0503,City Of Marion,Level 3  297 Diagonal Road  Oaklands Park SA 5046,08 8375 6600,"{""lat"":-35.0171309, ""lng"":138.5433051}"
mgp0504,Immunisation Section - Communicable Disease Control Branch,Citi Centre Building  11 Hindmarsh Square  Adelaide SA 5000,1300 232 272,"{""lat"":-34.9242266, ""lng"":138.6049775}"
mgp0505,Travellers Medical & Vaccination Centre (TVMC) - Adelaide,Suite 1  53 Hindmarsh Square  Adelaide SA 5000,08 8223 6225,"{""lat"":-34.9242266, ""lng"":138.6049775}"
mgp0506,The Oaks Medical Practice,Shop 4  73 John Street  The Oaks NSW 2570,02 4657 1120,"{""lat"":-34.0730749, ""lng"":150.5719493}"
mgp0507,Adelaide City Council,Adelaide South West Community Centre  171 Sturt Street  Adelaide SA 5000,08 8152 0363,"{""lat"":-34.9329542, ""lng"":138.6002575}"
mgp0508,Corporation Of The Town Of Walkerville,42 Fuller Street  Walkerville SA 5081,08 8132 3600,"{""lat"":-34.8919728, ""lng"":138.6163986}"
mgp0509,City Of Holdfast Bay,31 Torr Avenue  Brighton SA 5048,08 8229 9999,"{""lat"":-35.0154628, ""lng"":138.5196486}"
mgp0510,Plympton Community Centre,34 Long Street  Plympton SA 5038,08 8416 6333,"{""lat"":-34.9601967, ""lng"":138.554721}"
mgp0511,City Of Salisbury - Ingle Farm Library,58 Beovich Road  Ingle Farm SA 5098,08 8265 4717,"{""lat"":-34.8295635, ""lng"":138.6407326}"
mgp0512,Hamra Centre Library,1 Brooker Terrace  Hilton SA 5033,08 8416 6333,"{""lat"":-34.9336376, ""lng"":138.5614218}"
mgp0513,Prospect Community Support,128 Prospect Road  Prospect SA 5082,08 8132 3600,"{""lat"":-34.8897053, ""lng"":138.5941675}"
mgp0514,CITY OF WEST TORRENS,Cowandilla Children's Centre  Wilson Street  Cowandilla SA 5033,08 8416 6333,"{""lat"":-34.9339378, ""lng"":138.5570037}"
mgp0515,City Of Port Adelaide Enfield - Immunisation,Clarice Avenue  Enfield SA 5085,1300 364 264,"{""lat"":-34.8659606, ""lng"":138.6025546}"
mgp0516,CITY OF WEST TORRENS,Thebarton Community Centre  Corner South Road and Ashwin Parade  Torrensville SA 5031,08 8416 6333,NA
mgp0517,Health and Immunisation Management Solutions (HAIMS),Salisbury East Neighbourhood Centre  28 Smith Road  Salisbury East SA 5109,08 8152 0363,"{""lat"":-34.7808092, ""lng"":138.67194}"
mgp0518,CITY OF CHARLES STURT,Findon Road  Findon SA 5023,08 8408 1111,"{""lat"":-34.9000957, ""lng"":138.5321786}"
mgp0519,CITY OF PLAYFORD,Gp Plus Health Care Centre  16 Playford Boulevard  Elizabeth SA 5112,08 8256 0333,"{""lat"":-34.719845, ""lng"":138.671343}"
mgp0520,CITY OF PLAYFORD,Munno Para Sc  Shop 51  600 Main North Road  Smithfield SA 5114,08 8256 0333,"{""lat"":-34.6873926, ""lng"":138.6888714}"
mgp0521,CITY OF CHARLES STURT,111A Woodville Road  Woodville SA 5011,08 8408 1370,"{""lat"":-34.880835, ""lng"":138.5351508}"
mgp0522,TOWN OF GAWLER,Gawler Sport And Community Centre  Nixon Terrace  Gawler SA 5118,08 8522 9274,"{""lat"":-34.5974552, ""lng"":138.7401405}"
mgp0523,Katoomba Community Mental Health,93 Waratah Street  Katoomba NSW 2780,02 4782 2133,NA
mgp0524,Camden Family Practice,25 Broughton Street  Camden NSW 2570,02 4655 9558,"{""lat"":-34.0602726, ""lng"":150.6935795}"
mgp0525,Camden Council - Family And Children Services,37 John Street  Camden NSW 2570,02 4654 7777,"{""lat"":-34.0526527, ""lng"":150.6946683}"
mgp0526,Health and Immunisation Management Solutions (HAIMS),Burton Community Centre  386 Waterloo Corner Road  Burton SA 5110,08 8152 0363,"{""lat"":-34.7320202, ""lng"":138.5892422}"
mgp0527,CITY OF CHARLES STURT,West Lakes Community Centre  West Lakes Boulevard  West Lakes SA 5021,08 8408 1111,"{""lat"":-34.877867, ""lng"":138.4957144}"
mgp0528,CITY OF PORT ADELAIDE ENFIELD,253 Commercial Road  Port Adelaide SA 5015,1300 364 264,"{""lat"":-34.8443915, ""lng"":138.5053237}"
mgp0529,Campbelltown City Council Family And Children SVS,Campbelltown Civic Centre  Queen Street  Campbelltown NSW 2560,02 4645 4000,"{""lat"":-34.058501, ""lng"":150.8214888}"
mgp0530,Wallerawang Community Health Centre,Main Street  Wallerawang NSW 2845,02 6355 1570,"{""lat"":-33.3977045, ""lng"":150.0820339}"
mgp0531,Penrith City Council Family And Children Services,601 High Street  Penrith NSW 2750,02 4732 7777,"{""lat"":-33.7477938, ""lng"":150.6840081}"
mgp0532,Myhealth Penrith,Westfield Penrith  Suite 17  585 High Street  Penrith NSW 2750,02 9188 0751,"{""lat"":-33.7477938, ""lng"":150.6840081}"
mgp0533,Wellington Council Family And Children's Services,Wellington Council  Nanima Crescent  Wellington NSW 2820,02 6845 2099,"{""lat"":-32.5523637, ""lng"":148.9416504}"
mgp0534,Narromine Shire Council Family And Children SVS,124 Dandaloo Street  Narromine NSW 2821,02 6889 9999,NA
mgp0535,Allison Crescent Medical Centre,31 Allison Crescent  Menai NSW 2234,02 9541 1322,"{""lat"":-34.0114126, ""lng"":151.0148998}"
mgp0536,Liverpool Hospital Staff Vaccination Clinic,Elizabeth Street  Liverpool NSW 2170,02 8738 3000,"{""lat"":-33.9201885, ""lng"":150.9241545}"
mgp0537,Sutherland Shire Council Family And Children Services,4 20 Eton Street  Sutherland NSW 2232,02 9710 0333,"{""lat"":-34.032478, ""lng"":151.0587562}"
mgp0538,Karitane Linking Families,Jade House  130 Nelson Street  Fairfield Heights NSW 2165,02 9794 2300,"{""lat"":-33.8692433, ""lng"":150.9516169}"
mgp0539,Hurstville City Council Family And Children Services,Civic Centre  MacMahon Street  Hurstville NSW 2220,02 9330 6222,"{""lat"":-33.9644844, ""lng"":151.1027392}"
mgp0540,Patrick Street Medical Centre,8 Patrick Street  Blacktown NSW 2148,02 8814 8813,NA
mgp0541,Orana Medical Practice,Suite 4  6 Orana Avenue  Seven Hills NSW 2147,02 9676 1001,NA
mgp0542,Myhealth Merrylands,Stockland Mall  Shop 1002  McFarlane Street  Merrylands NSW 2160,02 9637 3688,"{""lat"":-33.8353681, ""lng"":150.9893725}"
mgp0543,Leading Medical Centre Merrylands,Stockland Shopping Centre  Shop 1101  McFarlane Street  Merrylands NSW 2160,02 9637 7112,"{""lat"":-33.8353681, ""lng"":150.9893725}"
mgp0544,Canterbury Hospital Staff Screening And Vaccination Services,575 Canterbury Road  Campsie NSW 2194,02 9787 0000,NA
mgp0545,Travel Doctor TMVC NSW,74 MacQuarie Street  Parramatta NSW 2150,02 8861 9100,"{""lat"":-33.8141396, ""lng"":150.9988421}"
mgp0546,Vaccinations For Travel,91 George Street  Parramatta NSW 2150,02 9891 4850,"{""lat"":-33.8145314, ""lng"":151.0075578}"
mgp0547,Strathfield Municipal Council Family And Children Services,61 67 Homebush Road  Strathfield NSW 2135,02 9748 9999,"{""lat"":-33.8882849, ""lng"":151.0840599}"
mgp0548,Myhealth Newington,Unit 3  8 Avenue of the Americas  Newington NSW 2127,02 9648 2224,"{""lat"":-33.8330312, ""lng"":151.0558891}"
mgp0549,Newington Medical,Shop 15  6 Avenue of Europe  Newington NSW 2127,02 9648 5111,"{""lat"":-33.8338951, ""lng"":151.0568918}"
mgp0550,Local Doctors,Ermington Shopping Town  Shop 8  8 Betty Cuthbert Avenue  Ermington NSW 2115,02 8622 1681,NA
mgp0551,Sydney Airport Medical Centre,Sydney International Airport  Level 3  Airport Drive  Mascot NSW 2020,02 9667 4355,"{""lat"":-33.9321007, ""lng"":151.1861169}"
mgp0552,MyHealth Medical Centre - North Rocks,Westfield North Rocks  Shop 75  328 North Rocks Road  North Rocks NSW 2151,02 8677 1360,"{""lat"":-33.7685698, ""lng"":151.0275789}"
mgp0553,Marrickville Council Family And Children Services,2 14 Fisher Street  Petersham NSW 2049,02 9335 2222,"{""lat"":-33.8952058, ""lng"":151.1555734}"
mgp0554,Mortlake Family Medical Practice,Shop 32  88 Tennyson Road  Mortlake NSW 2137,02 8765 8891,NA
mgp0555,CENTRAL DARLING SHIRE COUNCIL,21 Reid Street  Wilcannia NSW 2836,08 8083 8900,NA
mgp0556,Leichhardt Council Community Services,7 15 Wetherill Street  Leichhardt NSW 2040,02 9367 9222,"{""lat"":-33.8829413, ""lng"":151.1579944}"
mgp0557,City Of Ryde - Family And Children Services,West Ryde Hall  1A Station Street  West Ryde NSW 2114,02 9952 8222,NA
mgp0558,Carmen Drive Community Pharmacy,4 Carmen Drive  Carlingford NSW 2118,02 9871 3848,NA
mgp0559,Kingsford Family Medical Centre,502 Anzac Parade  Kingsford NSW 2032,1300 803 903,"{""lat"":-33.9254417, ""lng"":151.2301049}"
mgp0560,Hyde Park Medical Centre (Sydney),Ground Floor  Shop 1  175 Liverpool Street  Sydney NSW 2000,02 9283 1234,"{""lat"":-33.8770875, ""lng"":151.2109207}"
mgp0561,Immunise Australia Program - ACT,Centennial Plaza  260 Elizabeth Street  Sydney NSW 2000,02 6205 2300,"{""lat"":-33.8804469, ""lng"":151.2088682}"
mgp0562,Travel Doctor TMVC and Sonic Health Plus Sydney CBD Clinic,Level 7  428 George Street  Sydney NSW 2000,02 9221 7133,"{""lat"":-33.8701031, ""lng"":151.2071387}"
mgp0563,International Travel Vaccination Centre,Level 10 Suite 1002  37 Bligh Street  Sydney NSW 2000,1300 557 070,"{""lat"":-33.8660919, ""lng"":151.2099222}"
mgp0564,Kenthurst Medical Centre,Shop 9  4 Nelson Street  Kenthurst NSW 2156,02 9654 0552,NA
mgp0565,Fox Valley Medical & Dental Centre,Sydney Adventist Hospital  187 Fox Valley Road  Wahroonga NSW 2076,02 9487 9700,"{""lat"":-33.7277331, ""lng"":151.1143050205177}"
mgp0566,Mid-Western Regional Council Community Services,86 Market Street  Mudgee NSW 2850,02 6378 2850,NA
mgp0567,Woollahra Municipal Council Family And Children SVS,536 New South Head Road  Double Bay NSW 2028,02 9391 7000,"{""lat"":-33.872622449999994, ""lng"":151.2476323827587}"
mgp0568,WILLOUGHBY CITY COUNCIL,Level 4  31 Victor Street  Chatswood NSW 2067,02 9777 1000,"{""lat"":-33.7975815, ""lng"":151.18219059933097}"
mgp0569,N Plus Clinic,68 Neridah Street  Chatswood NSW 2067,02 9410 1777,"{""lat"":-33.7957143, ""lng"":151.1871618}"
mgp0570,KU-Ring-Gai Council - Family And Children Services,818 Pacific Highway  Gordon NSW 2072,02 9424 0888,"{""lat"":-33.754307, ""lng"":151.151306}"
mgp0571,Northbridge Medical Practice,Level 1 Suite 2B  115 Sailors Bay Road  Northbridge NSW 2063,02 9958 7104,"{""lat"":-33.810435, ""lng"":151.209197}"
mgp0572,Mosman Municipal Council Family And Children's SVS,Mosman Council  573 Military Road  Mosman NSW 2088,02 9978 4000,"{""lat"":-33.8280255, ""lng"":151.2305927}"
mgp0573,Forestville Medical Practice,677 Warringah Road  Forestville NSW 2087,02 9452 4633,"{""lat"":-33.7609212, ""lng"":151.2161153}"
mgp0574,Broken Hill Child and Family Health Centre,2 Oxide Street  Broken Hill NSW 2880,08 8082 6111,"{""lat"":-31.9418876, ""lng"":141.4550824}"
mgp0575,Warren Shire Council Family And Children's SVS,115 Dubbo Street  Warren NSW 2824,02 6847 4606,"{""lat"":-31.6961713, ""lng"":147.8324817}"
mgp0576,Warringah Council Family And Children Services,Civic Centre  725 Pittwater Road  Dee Why NSW 2099,02 9942 2111,"{""lat"":-33.7517127, ""lng"":151.28658565}"
mgp0577,Lynwood Medical,Level 1 Suite 6  2 Bungan Lane  Mona Vale NSW 2103,02 8411 2151,NA
mgp0578,Pittwater Council Family And Children Services,1 Park Street  Mona Vale NSW 2103,02 9970 1111,"{""lat"":-33.6764684, ""lng"":151.3041131}"
mgp0579,Wyong Shire Council Family And Children Services,16 Hely Street  Wyong NSW 2259,02 4350 5555,NA
mgp0580,NORTHERN AREAS COUNCIL,14 Fifth Street  Gladstone SA 5473,08 8662 2180,"{""lat"":-33.2705299, ""lng"":138.3558046}"
mgp0581,Morisset Child and Family Health Nursing,Station Street  Morisset NSW 2264,02 4973 3025,"{""lat"":-33.1090897, ""lng"":151.5055613}"
mgp0582,Warrumbungle Shire Council Family And Children Services,59 Binnia Street  Coolah NSW 2843,02 6378 5000,"{""lat"":-31.8226837, ""lng"":149.7220432}"
mgp0583,Denman Hospital Child and Family Health Nursing,51 53 Ogilvie Street  Denman NSW 2328,02 6547 3999,NA
mgp0584,Toronto Polyclinic Child and Family Health Nursing,6 James Street  Toronto NSW 2283,02 4935 8100,"{""lat"":-33.0108606, ""lng"":151.5919294}"
mgp0585,Woodrising Child and Family Health Nursing,80 Hayden Brook Road  Woodrising NSW 2284,02 4959 1762,"{""lat"":-32.9807887, ""lng"":151.6065589}"
mgp0586,Belmont Hospital Child and Family Health Nursing,50 Croudace Bay Road  Belmont NSW 2280,02 4923 2163,NA
mgp0587,Lake MacQuarie City Council Family And Children SVS,126 138 Main Road  Speers Point NSW 2284,02 4921 0333,"{""lat"":-32.9642403, ""lng"":151.6226881}"
mgp0588,Kurri Kurri CHC Child and Family Health Nursing,Lang Street  Kurri Kurri NSW 2327,02 4936 3276,"{""lat"":-32.8193268, ""lng"":151.4801874}"
mgp0589,Eastlakes Community Health Centre- Nursing,19 South Street  Windale NSW 2306,02 4944 5300,"{""lat"":-32.9906991, ""lng"":151.6812097}"
mgp0590,Singleton Community Health Centre,Singleton Hospital  Corner Boonal Street and Dangar Road  Singleton NSW 2330,02 6571 9248,NA
mgp0591,Edgeworth Child and Family Health Nursing,37 65 Minmi Road  Edgeworth NSW 2285,02 4958 4202,NA
mgp0592,East Maitland Community Health Centre,58 Stronach Avenue  East Maitland NSW 2323,02 4931 2000,NA
mgp0593,Maitland City Council Family And Children Services,279 287 High Street  Maitland NSW 2320,02 4934 9700,"{""lat"":-32.7253812, ""lng"":151.5444183}"
mgp0594,Belmore Road Family Practice,12 Belmore Road  Lorn NSW 2320,02 4934 6830,NA
mgp0595,Coonamble Shire Council Family And Children SVS,80 Castlereagh Street  Coonamble NSW 2829,02 6827 1900,NA
mgp0596,Thornton Library Child and Family Health Nursing,Thornton Library  Taylor Avenue  Thornton NSW 2322,02 4966 1034,"{""lat"":-32.7774081, ""lng"":151.6393634}"
mgp0597,Woodberry School As Community Centre,Woodberry Public School  119 Lawson Avenue  Woodberry NSW 2322,02 4964 2174,"{""lat"":-32.791424, ""lng"":151.6706438}"
mgp0598,Gresford Community Health Centre Child And Family Health Nursing,Park Street  Gresford NSW 2311,02 4938 9207,"{""lat"":-32.4276643, ""lng"":151.5539288}"
mgp0599,Lemon Tree Passage Child Family Health Nursing,Meredith Avenue  Lemon Tree Passage NSW 2319,02 4982 3009,"{""lat"":-32.7320832, ""lng"":152.0347756}"
mgp0600,Port Stephens Parenting Program,Gan Gan Family Centre  191 Gan Gan Road  Anna Bay NSW 2316,02 4982 1767,"{""lat"":-32.7773641, ""lng"":152.0865184}"
mgp0601,Nunyara Aboriginal Health Service,17-27 Tully Street  Whyalla Stuart SA 5608,08 8649 9900,"{""lat"":-33.0183704, ""lng"":137.5246861}"
mgp0602,Tomaree Child and Family Health Nursing,Aquatic Close  Salamander Bay NSW 2317,02 4981 0129,NA
mgp0603,Dungog Child and Family Health Nursing,Hospital Road  Dungog NSW 2420,02 4995 7000,"{""lat"":-32.4008327, ""lng"":151.7463726}"
mgp0604,Liverpool Plains Shire Council Fam And Children SVS,60 Station Street  Quirindi NSW 2343,02 6746 1755,"{""lat"":-31.5031999, ""lng"":150.6807868}"
mgp0605,Gunnedah Shire Council Family And Children SVS,63 Elgin Street  Gunnedah NSW 2380,02 6740 2100,NA
mgp0606,Gloucester Shire Council - Family And Children SVS,89 King Street  Gloucester NSW 2422,02 6538 5250,NA
mgp0607,Walgett Shire Council Family And Children Services,77 Fox Street  Walgett NSW 2832,02 6828 1399,"{""lat"":-30.0225824, ""lng"":148.1164964}"
mgp0608,Boggabri Multi Purpose Service,3 Wee Waa Street  Boggabri NSW 2382,02 6749 7000,NA
mgp0609,Wee Waa Community Health- Child & Family Health Service,11 Alma Street  Wee Waa NSW 2388,02 6795 0400,NA
mgp0610,Narrabri Community Health Service,66 95 Gibbons Street  Narrabri NSW 2390,02 6799 2800,"{""lat"":-30.3241954, ""lng"":149.7744502}"
mgp0611,Manilla Health Service,112 Court Street  Manilla NSW 2346,02 6785 4100,NA
mgp0612,Walcha Council Family And Children Services,2 Hamilton Street  Walcha NSW 2354,02 6774 2500,NA
mgp0613,Walcha Child & Family Health Clinic,11 Middle Street  Walcha NSW 2354,02 6777 4200,NA
mgp0614,Barraba Multi Purpose Service,Edward Street  Barraba NSW 2347,02 6782 2500,"{""lat"":-30.3827017, ""lng"":150.6109704}"
mgp0615,Uralla Shire Council Family And Children Services,32 Salisbury Street  Uralla NSW 2358,02 6778 4606,"{""lat"":-30.6432953, ""lng"":151.4999718}"
mgp0616,Uralla Medical Centre,22 Hill Street  Uralla NSW 2358,02 6778 4500,"{""lat"":-30.6428298, ""lng"":151.5025717}"
