{
    "properties": [
        {
            "star_score": 5.0,
            "property_id": "P10051"
        },
        {
            "star_score": 3.8,
            "property_id": "P10049"
        },
        {
            "star_score": 3.7,
            "property_id": "P10048"
        },
        {
            "star_score": 3.6,
            "property_id": "P10052"
        },
        {
            "star_score": 3.3,
            "property_id": "P10042"
        },
        {
            "star_score": 3.1,
            "property_id": "P10046"
        },
        {
            "star_score": 3.0,
            "property_id": "P10044"
        },
        {
            "star_score": 2.7,
            "property_id": "P10043"
        },
        {
            "star_score": 2.5,
            "property_id": "P10045"
        },
        {
            "star_score": 2.1,
            "property_id": "P10039"
        },
        {
            "star_score": 1.4,
            "property_id": "P10041"
        },
        {
            "star_score": 1.0,
            "property_id": "P10040"
        }
    ]
}